Switch: edgeedge1,5.0,0.0
Switch: edgeedge1,5.0,0.0
Switch: edgecore,5.0,0.0
Switch: edgeedge1,5.0,0.011042
Switch: edgegw,5.0,0.0
Switch: edgeedge1,5.0,0.0
Switch: netcloudedge2,5.0,0.0
Switch: netcloudedge1,5.0,0.0
Switch: netcloudgw,5.0,0.0
Switch: netcloudedge1,5.0,0.0
Switch: netcloudcore,5.0,0.0
Switch: netcloudedge2,5.0,0.0
Switch: netcloudcore,5.0,0.0
Switch: inter2,5.0,0.0
Switch: inter1,5.0,0.0
Switch: inter1,5.0,0.004758
Switch: inter2,5.0,0.004758
Switch: internetedge,5.0,0.004758
Switch: internetcore,5.0,5.9475E-5
Switch: internetgw,5.0,0.004758
Switch: edgeedge1,10.0,0.0
Switch: edgeedge1,10.0,0.0
Switch: edgecore,10.0,0.0
Switch: edgeedge1,10.0,0.0118
Switch: edgegw,10.0,0.0
Switch: edgeedge1,10.0,0.0
Switch: netcloudedge2,10.0,0.0
Switch: netcloudedge1,10.0,0.0
Switch: netcloudgw,10.0,0.0
Switch: netcloudedge1,10.0,0.0
Switch: netcloudcore,10.0,0.0
Switch: netcloudedge2,10.0,0.0
Switch: netcloudcore,10.0,0.0
Switch: inter2,10.0,0.0
Switch: inter1,10.0,0.0
Switch: inter1,10.0,0.004752
Switch: inter2,10.0,0.004752
Switch: internetedge,10.0,0.004752
Switch: internetcore,10.0,5.94E-5
Switch: internetgw,10.0,0.004752
Switch: edgeedge1,15.0,0.0
Switch: edgeedge1,15.0,0.0
Switch: edgecore,15.0,0.0
Switch: edgeedge1,15.0,0.013198
Switch: edgegw,15.0,0.0
Switch: edgeedge1,15.0,0.0
Switch: netcloudedge2,15.0,0.0
Switch: netcloudedge1,15.0,0.0
Switch: netcloudgw,15.0,0.0
Switch: netcloudedge1,15.0,0.0
Switch: netcloudcore,15.0,0.0
Switch: netcloudedge2,15.0,0.0
Switch: netcloudcore,15.0,0.0
Switch: inter2,15.0,0.0
Switch: inter1,15.0,0.0
Switch: inter1,15.0,0.005
Switch: inter2,15.0,0.005
Switch: internetedge,15.0,0.005
Switch: internetcore,15.0,6.25E-5
Switch: internetgw,15.0,0.005
Switch: edgeedge1,20.0,0.0
Switch: edgeedge1,20.0,0.0
Switch: edgecore,20.0,0.0
Switch: edgeedge1,20.0,0.012022
Switch: edgegw,20.0,0.0
Switch: edgeedge1,20.0,0.0
Switch: netcloudedge2,20.0,0.0
Switch: netcloudedge1,20.0,0.0
Switch: netcloudgw,20.0,0.0
Switch: netcloudedge1,20.0,0.0
Switch: netcloudcore,20.0,0.0
Switch: netcloudedge2,20.0,0.0
Switch: netcloudcore,20.0,0.0
Switch: inter2,20.0,0.0
Switch: inter1,20.0,0.0
Switch: inter1,20.0,0.0038
Switch: inter2,20.0,0.0038
Switch: internetedge,20.0,0.0038
Switch: internetcore,20.0,4.75E-5
Switch: internetgw,20.0,0.0038
Switch: edgeedge1,25.0,0.0
Switch: edgeedge1,25.0,0.0
Switch: edgecore,25.0,0.0
Switch: edgeedge1,25.0,0.013074
Switch: edgegw,25.0,0.0
Switch: edgeedge1,25.0,0.0
Switch: netcloudedge2,25.0,0.0
Switch: netcloudedge1,25.0,0.0
Switch: netcloudgw,25.0,0.0
Switch: netcloudedge1,25.0,0.0
Switch: netcloudcore,25.0,0.0
Switch: netcloudedge2,25.0,0.0
Switch: netcloudcore,25.0,0.0
Switch: inter2,25.0,0.0
Switch: inter1,25.0,0.0
Switch: inter1,25.0,0.003326
Switch: inter2,25.0,0.003326
Switch: internetedge,25.0,0.003326
Switch: internetcore,25.0,4.1575E-5
Switch: internetgw,25.0,0.003326
Switch: edgeedge1,30.0,0.0
Switch: edgeedge1,30.0,0.0
Switch: edgecore,30.0,0.0
Switch: edgeedge1,30.0,0.0098
Switch: edgegw,30.0,0.0
Switch: edgeedge1,30.0,0.0
Switch: netcloudedge2,30.0,0.0
Switch: netcloudedge1,30.0,0.0
Switch: netcloudgw,30.0,0.0
Switch: netcloudedge1,30.0,0.0
Switch: netcloudcore,30.0,0.0
Switch: netcloudedge2,30.0,0.0
Switch: netcloudcore,30.0,0.0
Switch: inter2,30.0,0.0
Switch: inter1,30.0,0.0
Switch: inter1,30.0,0.004
Switch: inter2,30.0,0.004
Switch: internetedge,30.0,0.004
Switch: internetcore,30.0,5.0E-5
Switch: internetgw,30.0,0.004
Switch: edgeedge1,35.0,0.0
Switch: edgeedge1,35.0,0.0
Switch: edgecore,35.0,0.0
Switch: edgeedge1,35.0,0.01
Switch: edgegw,35.0,0.0
Switch: edgeedge1,35.0,0.0
Switch: netcloudedge2,35.0,0.0
Switch: netcloudedge1,35.0,0.0
Switch: netcloudgw,35.0,0.0
Switch: netcloudedge1,35.0,0.0
Switch: netcloudcore,35.0,0.0
Switch: netcloudedge2,35.0,0.0
Switch: netcloudcore,35.0,0.0
Switch: inter2,35.0,0.0
Switch: inter1,35.0,0.0
Switch: inter1,35.0,0.0032
Switch: inter2,35.0,0.0032
Switch: internetedge,35.0,0.0032
Switch: internetcore,35.0,4.0E-5
Switch: internetgw,35.0,0.0032
Switch: edgeedge1,40.0,0.0
Switch: edgeedge1,40.0,0.0
Switch: edgecore,40.0,0.0
Switch: edgeedge1,40.0,0.0148
Switch: edgegw,40.0,0.0
Switch: edgeedge1,40.0,0.0
Switch: netcloudedge2,40.0,0.0
Switch: netcloudedge1,40.0,0.0
Switch: netcloudgw,40.0,0.0
Switch: netcloudedge1,40.0,0.0
Switch: netcloudcore,40.0,0.0
Switch: netcloudedge2,40.0,0.0
Switch: netcloudcore,40.0,0.0
Switch: inter2,40.0,0.0
Switch: inter1,40.0,0.0
Switch: inter1,40.0,0.003
Switch: inter2,40.0,0.003
Switch: internetedge,40.0,0.003
Switch: internetcore,40.0,3.75E-5
Switch: internetgw,40.0,0.003
Switch: edgeedge1,45.0,0.0
Switch: edgeedge1,45.0,0.0
Switch: edgecore,45.0,0.0
Switch: edgeedge1,45.0,0.013946
Switch: edgegw,45.0,0.0
Switch: edgeedge1,45.0,0.0
Switch: netcloudedge2,45.0,0.0
Switch: netcloudedge1,45.0,0.0
Switch: netcloudgw,45.0,0.0
Switch: netcloudedge1,45.0,0.0
Switch: netcloudcore,45.0,0.0
Switch: netcloudedge2,45.0,0.0
Switch: netcloudcore,45.0,0.0
Switch: inter2,45.0,0.0
Switch: inter1,45.0,0.0
Switch: inter1,45.0,0.003654
Switch: inter2,45.0,0.003654
Switch: internetedge,45.0,0.003654
Switch: internetcore,45.0,4.5675E-5
Switch: internetgw,45.0,0.003654
Switch: edgeedge1,50.0,0.0
Switch: edgeedge1,50.0,0.0
Switch: edgecore,50.0,0.0
Switch: edgeedge1,50.0,0.011194
Switch: edgegw,50.0,0.0
Switch: edgeedge1,50.0,0.0
Switch: netcloudedge2,50.0,0.0
Switch: netcloudedge1,50.0,0.0
Switch: netcloudgw,50.0,0.0
Switch: netcloudedge1,50.0,0.0
Switch: netcloudcore,50.0,0.0
Switch: netcloudedge2,50.0,0.0
Switch: netcloudcore,50.0,0.0
Switch: inter2,50.0,0.0
Switch: inter1,50.0,0.0
Switch: inter1,50.0,0.0036
Switch: inter2,50.0,0.0036
Switch: internetedge,50.0,0.0036
Switch: internetcore,50.0,4.5E-5
Switch: internetgw,50.0,0.0036
Switch: edgeedge1,55.0,0.0
Switch: edgeedge1,55.0,0.0
Switch: edgecore,55.0,0.0
Switch: edgeedge1,55.0,0.01261
Switch: edgegw,55.0,0.0
Switch: edgeedge1,55.0,0.0
Switch: netcloudedge2,55.0,0.0
Switch: netcloudedge1,55.0,0.0
Switch: netcloudgw,55.0,0.0
Switch: netcloudedge1,55.0,0.0
Switch: netcloudcore,55.0,0.0
Switch: netcloudedge2,55.0,0.0
Switch: netcloudcore,55.0,0.0
Switch: inter2,55.0,0.0
Switch: inter1,55.0,0.0
Switch: inter1,55.0,0.0032
Switch: inter2,55.0,0.0032
Switch: internetedge,55.0,0.0032
Switch: internetcore,55.0,4.0E-5
Switch: internetgw,55.0,0.0032
Switch: edgeedge1,60.0,0.0
Switch: edgeedge1,60.0,0.0
Switch: edgecore,60.0,0.0
Switch: edgeedge1,60.0,0.0124
Switch: edgegw,60.0,0.0
Switch: edgeedge1,60.0,0.0
Switch: netcloudedge2,60.0,0.0
Switch: netcloudedge1,60.0,0.0
Switch: netcloudgw,60.0,0.0
Switch: netcloudedge1,60.0,0.0
Switch: netcloudcore,60.0,0.0
Switch: netcloudedge2,60.0,0.0
Switch: netcloudcore,60.0,0.0
Switch: inter2,60.0,0.0
Switch: inter1,60.0,0.0
Switch: inter1,60.0,0.0038
Switch: inter2,60.0,0.0038
Switch: internetedge,60.0,0.0038
Switch: internetcore,60.0,4.75E-5
Switch: internetgw,60.0,0.0038
Switch: edgeedge1,65.0,0.0
Switch: edgeedge1,65.0,0.0
Switch: edgecore,65.0,0.0
Switch: edgeedge1,65.0,0.0136
Switch: edgegw,65.0,0.0
Switch: edgeedge1,65.0,0.0
Switch: netcloudedge2,65.0,0.0
Switch: netcloudedge1,65.0,0.0
Switch: netcloudgw,65.0,0.0
Switch: netcloudedge1,65.0,0.0
Switch: netcloudcore,65.0,0.0
Switch: netcloudedge2,65.0,0.0
Switch: netcloudcore,65.0,0.0
Switch: inter2,65.0,0.0
Switch: inter1,65.0,0.0
Switch: inter1,65.0,0.0036
Switch: inter2,65.0,0.0036
Switch: internetedge,65.0,0.0036
Switch: internetcore,65.0,4.5E-5
Switch: internetgw,65.0,0.0036
Switch: edgeedge1,70.0,0.0
Switch: edgeedge1,70.0,0.0
Switch: edgecore,70.0,0.0
Switch: edgeedge1,70.0,0.011056
Switch: edgegw,70.0,0.0
Switch: edgeedge1,70.0,0.0
Switch: netcloudedge2,70.0,0.0
Switch: netcloudedge1,70.0,0.0
Switch: netcloudgw,70.0,0.0
Switch: netcloudedge1,70.0,0.0
Switch: netcloudcore,70.0,0.0
Switch: netcloudedge2,70.0,0.0
Switch: netcloudcore,70.0,0.0
Switch: inter2,70.0,0.0
Switch: inter1,70.0,0.0
Switch: inter1,70.0,0.003344
Switch: inter2,70.0,0.003344
Switch: internetedge,70.0,0.003344
Switch: internetcore,70.0,4.18E-5
Switch: internetgw,70.0,0.003344
Switch: edgeedge1,75.0,0.0
Switch: edgeedge1,75.0,0.0
Switch: edgecore,75.0,0.0
Switch: edgeedge1,75.0,0.013
Switch: edgegw,75.0,0.0
Switch: edgeedge1,75.0,0.0
Switch: netcloudedge2,75.0,0.0
Switch: netcloudedge1,75.0,0.0
Switch: netcloudgw,75.0,0.0
Switch: netcloudedge1,75.0,0.0
Switch: netcloudcore,75.0,0.0
Switch: netcloudedge2,75.0,0.0
Switch: netcloudcore,75.0,0.0
Switch: inter2,75.0,0.0
Switch: inter1,75.0,0.0
Switch: inter1,75.0,0.0034
Switch: inter2,75.0,0.0034
Switch: internetedge,75.0,0.0034
Switch: internetcore,75.0,4.25E-5
Switch: internetgw,75.0,0.0034
Switch: edgeedge1,80.0,0.0
Switch: edgeedge1,80.0,0.0
Switch: edgecore,80.0,0.0
Switch: edgeedge1,80.0,0.0142
Switch: edgegw,80.0,0.0
Switch: edgeedge1,80.0,0.0
Switch: netcloudedge2,80.0,0.0
Switch: netcloudedge1,80.0,0.0
Switch: netcloudgw,80.0,0.0
Switch: netcloudedge1,80.0,0.0
Switch: netcloudcore,80.0,0.0
Switch: netcloudedge2,80.0,0.0
Switch: netcloudcore,80.0,0.0
Switch: inter2,80.0,0.0
Switch: inter1,80.0,0.0
Switch: inter1,80.0,0.0042
Switch: inter2,80.0,0.0042
Switch: internetedge,80.0,0.0042
Switch: internetcore,80.0,5.25E-5
Switch: internetgw,80.0,0.0042
Switch: edgeedge1,85.0,0.0
Switch: edgeedge1,85.0,0.0
Switch: edgecore,85.0,0.0
Switch: edgeedge1,85.0,0.011138
Switch: edgegw,85.0,0.0
Switch: edgeedge1,85.0,0.0
Switch: netcloudedge2,85.0,0.0
Switch: netcloudedge1,85.0,0.0
Switch: netcloudgw,85.0,0.0
Switch: netcloudedge1,85.0,0.0
Switch: netcloudcore,85.0,0.0
Switch: netcloudedge2,85.0,0.0
Switch: netcloudcore,85.0,0.0
Switch: inter2,85.0,0.0
Switch: inter1,85.0,0.0
Switch: inter1,85.0,0.0034
Switch: inter2,85.0,0.0034
Switch: internetedge,85.0,0.0034
Switch: internetcore,85.0,4.25E-5
Switch: internetgw,85.0,0.0034
Switch: edgeedge1,90.0,0.0
Switch: edgeedge1,90.0,0.0
Switch: edgecore,90.0,0.0
Switch: edgeedge1,90.0,0.0146
Switch: edgegw,90.0,0.0
Switch: edgeedge1,90.0,0.0
Switch: netcloudedge2,90.0,0.0
Switch: netcloudedge1,90.0,0.0
Switch: netcloudgw,90.0,0.0
Switch: netcloudedge1,90.0,0.0
Switch: netcloudcore,90.0,0.0
Switch: netcloudedge2,90.0,0.0
Switch: netcloudcore,90.0,0.0
Switch: inter2,90.0,0.0
Switch: inter1,90.0,0.0
Switch: inter1,90.0,0.0036
Switch: inter2,90.0,0.0036
Switch: internetedge,90.0,0.0036
Switch: internetcore,90.0,4.5E-5
Switch: internetgw,90.0,0.0036
Switch: edgeedge1,95.0,0.0
Switch: edgeedge1,95.0,0.0
Switch: edgecore,95.0,0.0
Switch: edgeedge1,95.0,0.0122
Switch: edgegw,95.0,0.0
Switch: edgeedge1,95.0,0.0
Switch: netcloudedge2,95.0,0.0
Switch: netcloudedge1,95.0,0.0
Switch: netcloudgw,95.0,0.0
Switch: netcloudedge1,95.0,0.0
Switch: netcloudcore,95.0,0.0
Switch: netcloudedge2,95.0,0.0
Switch: netcloudcore,95.0,0.0
Switch: inter2,95.0,0.0
Switch: inter1,95.0,0.0
Switch: inter1,95.0,0.0034
Switch: inter2,95.0,0.0034
Switch: internetedge,95.0,0.0034
Switch: internetcore,95.0,4.25E-5
Switch: internetgw,95.0,0.0034
Switch: edgeedge1,100.0,0.0
Switch: edgeedge1,100.0,0.0
Switch: edgecore,100.0,0.0
Switch: edgeedge1,100.0,0.0124
Switch: edgegw,100.0,0.0
Switch: edgeedge1,100.0,0.0
Switch: netcloudedge2,100.0,0.0
Switch: netcloudedge1,100.0,0.0
Switch: netcloudgw,100.0,0.0
Switch: netcloudedge1,100.0,0.0
Switch: netcloudcore,100.0,0.0
Switch: netcloudedge2,100.0,0.0
Switch: netcloudcore,100.0,0.0
Switch: inter2,100.0,0.0
Switch: inter1,100.0,0.0
Switch: inter1,100.0,0.0038
Switch: inter2,100.0,0.0038
Switch: internetedge,100.0,0.0038
Switch: internetcore,100.0,4.75E-5
Switch: internetgw,100.0,0.0038
Switch: edgeedge1,105.0,0.0
Switch: edgeedge1,105.0,0.0
Switch: edgecore,105.0,0.0
Switch: edgeedge1,105.0,0.013034
Switch: edgegw,105.0,0.0
Switch: edgeedge1,105.0,0.0
Switch: netcloudedge2,105.0,0.0
Switch: netcloudedge1,105.0,0.0
Switch: netcloudgw,105.0,0.0
Switch: netcloudedge1,105.0,0.0
Switch: netcloudcore,105.0,0.0
Switch: netcloudedge2,105.0,0.0
Switch: netcloudcore,105.0,0.0
Switch: inter2,105.0,0.0
Switch: inter1,105.0,0.0
Switch: inter1,105.0,0.003366
Switch: inter2,105.0,0.003366
Switch: internetedge,105.0,0.003366
Switch: internetcore,105.0,4.2075E-5
Switch: internetgw,105.0,0.003366
Switch: edgeedge1,110.0,0.0
Switch: edgeedge1,110.0,0.0
Switch: edgecore,110.0,0.0
Switch: edgeedge1,110.0,0.0138
Switch: edgegw,110.0,0.0
Switch: edgeedge1,110.0,0.0
Switch: netcloudedge2,110.0,0.0
Switch: netcloudedge1,110.0,0.0
Switch: netcloudgw,110.0,0.0
Switch: netcloudedge1,110.0,0.0
Switch: netcloudcore,110.0,0.0
Switch: netcloudedge2,110.0,0.0
Switch: netcloudcore,110.0,0.0
Switch: inter2,110.0,0.0
Switch: inter1,110.0,0.0
Switch: inter1,110.0,0.002996
Switch: inter2,110.0,0.002996
Switch: internetedge,110.0,0.002996
Switch: internetcore,110.0,3.745E-5
Switch: internetgw,110.0,0.002996
Switch: edgeedge1,115.0,0.0
Switch: edgeedge1,115.0,0.0
Switch: edgecore,115.0,0.0
Switch: edgeedge1,115.0,0.0128
Switch: edgegw,115.0,0.0
Switch: edgeedge1,115.0,0.0
Switch: netcloudedge2,115.0,0.0
Switch: netcloudedge1,115.0,0.0
Switch: netcloudgw,115.0,0.0
Switch: netcloudedge1,115.0,0.0
Switch: netcloudcore,115.0,0.0
Switch: netcloudedge2,115.0,0.0
Switch: netcloudcore,115.0,0.0
Switch: inter2,115.0,0.0
Switch: inter1,115.0,0.0
Switch: inter1,115.0,0.0034
Switch: inter2,115.0,0.0034
Switch: internetedge,115.0,0.0034
Switch: internetcore,115.0,4.25E-5
Switch: internetgw,115.0,0.0034
Switch: edgeedge1,120.0,0.0
Switch: edgeedge1,120.0,0.0
Switch: edgecore,120.0,0.0
Switch: edgeedge1,120.0,0.012998
Switch: edgegw,120.0,0.0
Switch: edgeedge1,120.0,0.0
Switch: netcloudedge2,120.0,0.0
Switch: netcloudedge1,120.0,0.0
Switch: netcloudgw,120.0,0.0
Switch: netcloudedge1,120.0,0.0
Switch: netcloudcore,120.0,0.0
Switch: netcloudedge2,120.0,0.0
Switch: netcloudcore,120.0,0.0
Switch: inter2,120.0,0.0
Switch: inter1,120.0,0.0
Switch: inter1,120.0,0.0034
Switch: inter2,120.0,0.0034
Switch: internetedge,120.0,0.0034
Switch: internetcore,120.0,4.25E-5
Switch: internetgw,120.0,0.0034
Switch: edgeedge1,125.0,0.0
Switch: edgeedge1,125.0,0.0
Switch: edgecore,125.0,0.0
Switch: edgeedge1,125.0,0.0124
Switch: edgegw,125.0,0.0
Switch: edgeedge1,125.0,0.0
Switch: netcloudedge2,125.0,0.0
Switch: netcloudedge1,125.0,0.0
Switch: netcloudgw,125.0,0.0
Switch: netcloudedge1,125.0,0.0
Switch: netcloudcore,125.0,0.0
Switch: netcloudedge2,125.0,0.0
Switch: netcloudcore,125.0,0.0
Switch: inter2,125.0,0.0
Switch: inter1,125.0,0.0
Switch: inter1,125.0,0.00296
Switch: inter2,125.0,0.00296
Switch: internetedge,125.0,0.00296
Switch: internetcore,125.0,3.7E-5
Switch: internetgw,125.0,0.00296
Switch: edgeedge1,130.0,0.0
Switch: edgeedge1,130.0,0.0
Switch: edgecore,130.0,0.0
Switch: edgeedge1,130.0,0.00983
Switch: edgegw,130.0,0.0
Switch: edgeedge1,130.0,0.0
Switch: netcloudedge2,130.0,0.0
Switch: netcloudedge1,130.0,0.0
Switch: netcloudgw,130.0,0.0
Switch: netcloudedge1,130.0,0.0
Switch: netcloudcore,130.0,0.0
Switch: netcloudedge2,130.0,0.0
Switch: netcloudcore,130.0,0.0
Switch: inter2,130.0,0.0
Switch: inter1,130.0,0.0
Switch: inter1,130.0,0.00237
Switch: inter2,130.0,0.00237
Switch: internetedge,130.0,0.00237
Switch: internetcore,130.0,2.9625E-5
Switch: internetgw,130.0,0.00237
Switch: edgeedge1,135.0,0.0
Switch: edgeedge1,135.0,0.0
Switch: edgecore,135.0,0.0
Switch: edgeedge1,135.0,0.0132
Switch: edgegw,135.0,0.0
Switch: edgeedge1,135.0,0.0
Switch: netcloudedge2,135.0,0.0
Switch: netcloudedge1,135.0,0.0
Switch: netcloudgw,135.0,0.0
Switch: netcloudedge1,135.0,0.0
Switch: netcloudcore,135.0,0.0
Switch: netcloudedge2,135.0,0.0
Switch: netcloudcore,135.0,0.0
Switch: inter2,135.0,0.0
Switch: inter1,135.0,0.0
Switch: inter1,135.0,0.0038
Switch: inter2,135.0,0.0038
Switch: internetedge,135.0,0.0038
Switch: internetcore,135.0,4.75E-5
Switch: internetgw,135.0,0.0038
Switch: edgeedge1,140.0,0.0
Switch: edgeedge1,140.0,0.0
Switch: edgecore,140.0,0.0
Switch: edgeedge1,140.0,0.0134
Switch: edgegw,140.0,0.0
Switch: edgeedge1,140.0,0.0
Switch: netcloudedge2,140.0,0.0
Switch: netcloudedge1,140.0,0.0
Switch: netcloudgw,140.0,0.0
Switch: netcloudedge1,140.0,0.0
Switch: netcloudcore,140.0,0.0
Switch: netcloudedge2,140.0,0.0
Switch: netcloudcore,140.0,0.0
Switch: inter2,140.0,0.0
Switch: inter1,140.0,0.0
Switch: inter1,140.0,0.0042
Switch: inter2,140.0,0.0042
Switch: internetedge,140.0,0.0042
Switch: internetcore,140.0,5.25E-5
Switch: internetgw,140.0,0.0042
Switch: edgeedge1,145.0,0.0
Switch: edgeedge1,145.0,0.0
Switch: edgecore,145.0,0.0
Switch: edgeedge1,145.0,0.0146
Switch: edgegw,145.0,0.0
Switch: edgeedge1,145.0,0.0
Switch: netcloudedge2,145.0,0.0
Switch: netcloudedge1,145.0,0.0
Switch: netcloudgw,145.0,0.0
Switch: netcloudedge1,145.0,0.0
Switch: netcloudcore,145.0,0.0
Switch: netcloudedge2,145.0,0.0
Switch: netcloudcore,145.0,0.0
Switch: inter2,145.0,0.0
Switch: inter1,145.0,0.0
Switch: inter1,145.0,0.0038
Switch: inter2,145.0,0.0038
Switch: internetedge,145.0,0.0038
Switch: internetcore,145.0,4.75E-5
Switch: internetgw,145.0,0.0038
Switch: edgeedge1,150.0,0.0
Switch: edgeedge1,150.0,0.0
Switch: edgecore,150.0,0.0
Switch: edgeedge1,150.0,0.0112
Switch: edgegw,150.0,0.0
Switch: edgeedge1,150.0,0.0
Switch: netcloudedge2,150.0,0.0
Switch: netcloudedge1,150.0,0.0
Switch: netcloudgw,150.0,0.0
Switch: netcloudedge1,150.0,0.0
Switch: netcloudcore,150.0,0.0
Switch: netcloudedge2,150.0,0.0
Switch: netcloudcore,150.0,0.0
Switch: inter2,150.0,0.0
Switch: inter1,150.0,0.0
Switch: inter1,150.0,0.0034
Switch: inter2,150.0,0.0034
Switch: internetedge,150.0,0.0034
Switch: internetcore,150.0,4.25E-5
Switch: internetgw,150.0,0.0034
Switch: edgeedge1,155.0,0.0
Switch: edgeedge1,155.0,0.0
Switch: edgecore,155.0,0.0
Switch: edgeedge1,155.0,0.01198
Switch: edgegw,155.0,0.0
Switch: edgeedge1,155.0,0.0
Switch: netcloudedge2,155.0,0.0
Switch: netcloudedge1,155.0,0.0
Switch: netcloudgw,155.0,0.0
Switch: netcloudedge1,155.0,0.0
Switch: netcloudcore,155.0,0.0
Switch: netcloudedge2,155.0,0.0
Switch: netcloudcore,155.0,0.0
Switch: inter2,155.0,0.0
Switch: inter1,155.0,0.0
Switch: inter1,155.0,0.0034
Switch: inter2,155.0,0.0034
Switch: internetedge,155.0,0.0034
Switch: internetcore,155.0,4.25E-5
Switch: internetgw,155.0,0.0034
Switch: edgeedge1,160.0,0.0
Switch: edgeedge1,160.0,0.0
Switch: edgecore,160.0,0.0
Switch: edgeedge1,160.0,0.013662
Switch: edgegw,160.0,0.0
Switch: edgeedge1,160.0,0.0
Switch: netcloudedge2,160.0,0.0
Switch: netcloudedge1,160.0,0.0
Switch: netcloudgw,160.0,0.0
Switch: netcloudedge1,160.0,0.0
Switch: netcloudcore,160.0,0.0
Switch: netcloudedge2,160.0,0.0
Switch: netcloudcore,160.0,0.0
Switch: inter2,160.0,0.0
Switch: inter1,160.0,0.0
Switch: inter1,160.0,0.0034
Switch: inter2,160.0,0.0034
Switch: internetedge,160.0,0.0034
Switch: internetcore,160.0,4.25E-5
Switch: internetgw,160.0,0.0034
Switch: edgeedge1,165.0,0.0
Switch: edgeedge1,165.0,0.0
Switch: edgecore,165.0,0.0
Switch: edgeedge1,165.0,0.014112
Switch: edgegw,165.0,0.0
Switch: edgeedge1,165.0,0.0
Switch: netcloudedge2,165.0,0.0
Switch: netcloudedge1,165.0,0.0
Switch: netcloudgw,165.0,0.0
Switch: netcloudedge1,165.0,0.0
Switch: netcloudcore,165.0,0.0
Switch: netcloudedge2,165.0,0.0
Switch: netcloudcore,165.0,0.0
Switch: inter2,165.0,0.0
Switch: inter1,165.0,0.0
Switch: inter1,165.0,0.0038
Switch: inter2,165.0,0.0038
Switch: internetedge,165.0,0.0038
Switch: internetcore,165.0,4.75E-5
Switch: internetgw,165.0,0.0038
Switch: edgeedge1,170.0,0.0
Switch: edgeedge1,170.0,0.0
Switch: edgecore,170.0,0.0
Switch: edgeedge1,170.0,0.0086
Switch: edgegw,170.0,0.0
Switch: edgeedge1,170.0,0.0
Switch: netcloudedge2,170.0,0.0
Switch: netcloudedge1,170.0,0.0
Switch: netcloudgw,170.0,0.0
Switch: netcloudedge1,170.0,0.0
Switch: netcloudcore,170.0,0.0
Switch: netcloudedge2,170.0,0.0
Switch: netcloudcore,170.0,0.0
Switch: inter2,170.0,0.0
Switch: inter1,170.0,0.0
Switch: inter1,170.0,0.003
Switch: inter2,170.0,0.003
Switch: internetedge,170.0,0.003
Switch: internetcore,170.0,3.75E-5
Switch: internetgw,170.0,0.003
Switch: edgeedge1,175.0,0.0
Switch: edgeedge1,175.0,0.0
Switch: edgecore,175.0,0.0
Switch: edgeedge1,175.0,0.0154
Switch: edgegw,175.0,0.0
Switch: edgeedge1,175.0,0.0
Switch: netcloudedge2,175.0,0.0
Switch: netcloudedge1,175.0,0.0
Switch: netcloudgw,175.0,0.0
Switch: netcloudedge1,175.0,0.0
Switch: netcloudcore,175.0,0.0
Switch: netcloudedge2,175.0,0.0
Switch: netcloudcore,175.0,0.0
Switch: inter2,175.0,0.0
Switch: inter1,175.0,0.0
Switch: inter1,175.0,0.003128
Switch: inter2,175.0,0.003128
Switch: internetedge,175.0,0.003128
Switch: internetcore,175.0,3.91E-5
Switch: internetgw,175.0,0.003128
Switch: edgeedge1,180.0,0.0
Switch: edgeedge1,180.0,0.0
Switch: edgecore,180.0,0.0
Switch: edgeedge1,180.0,0.012572
Switch: edgegw,180.0,0.0
Switch: edgeedge1,180.0,0.0
Switch: netcloudedge2,180.0,0.0
Switch: netcloudedge1,180.0,0.0
Switch: netcloudgw,180.0,0.0
Switch: netcloudedge1,180.0,0.0
Switch: netcloudcore,180.0,0.0
Switch: netcloudedge2,180.0,0.0
Switch: netcloudcore,180.0,0.0
Switch: inter2,180.0,0.0
Switch: inter1,180.0,0.0
Switch: inter1,180.0,0.004296
Switch: inter2,180.0,0.004296
Switch: internetedge,180.0,0.004296
Switch: internetcore,180.0,5.37E-5
Switch: internetgw,180.0,0.004296
Switch: edgeedge1,185.0,0.0
Switch: edgeedge1,185.0,0.0
Switch: edgecore,185.0,0.0
Switch: edgeedge1,185.0,0.01107
Switch: edgegw,185.0,0.0
Switch: edgeedge1,185.0,0.0
Switch: netcloudedge2,185.0,0.0
Switch: netcloudedge1,185.0,0.0
Switch: netcloudgw,185.0,0.0
Switch: netcloudedge1,185.0,0.0
Switch: netcloudcore,185.0,0.0
Switch: netcloudedge2,185.0,0.0
Switch: netcloudcore,185.0,0.0
Switch: inter2,185.0,0.0
Switch: inter1,185.0,0.0
Switch: inter1,185.0,0.00353
Switch: inter2,185.0,0.00353
Switch: internetedge,185.0,0.00353
Switch: internetcore,185.0,4.4125E-5
Switch: internetgw,185.0,0.00353
Switch: edgeedge1,190.0,0.0
Switch: edgeedge1,190.0,0.0
Switch: edgecore,190.0,0.0
Switch: edgeedge1,190.0,0.01
Switch: edgegw,190.0,0.0
Switch: edgeedge1,190.0,0.0
Switch: netcloudedge2,190.0,0.0
Switch: netcloudedge1,190.0,0.0
Switch: netcloudgw,190.0,0.0
Switch: netcloudedge1,190.0,0.0
Switch: netcloudcore,190.0,0.0
Switch: netcloudedge2,190.0,0.0
Switch: netcloudcore,190.0,0.0
Switch: inter2,190.0,0.0
Switch: inter1,190.0,0.0
Switch: inter1,190.0,0.0028
Switch: inter2,190.0,0.0028
Switch: internetedge,190.0,0.0028
Switch: internetcore,190.0,3.5E-5
Switch: internetgw,190.0,0.0028
Switch: edgeedge1,195.0,0.0
Switch: edgeedge1,195.0,0.0
Switch: edgecore,195.0,0.0
Switch: edgeedge1,195.0,0.0104
Switch: edgegw,195.0,0.0
Switch: edgeedge1,195.0,0.0
Switch: netcloudedge2,195.0,0.0
Switch: netcloudedge1,195.0,0.0
Switch: netcloudgw,195.0,0.0
Switch: netcloudedge1,195.0,0.0
Switch: netcloudcore,195.0,0.0
Switch: netcloudedge2,195.0,0.0
Switch: netcloudcore,195.0,0.0
Switch: inter2,195.0,0.0
Switch: inter1,195.0,0.0
Switch: inter1,195.0,0.0036
Switch: inter2,195.0,0.0036
Switch: internetedge,195.0,0.0036
Switch: internetcore,195.0,4.5E-5
Switch: internetgw,195.0,0.0036
Switch: edgeedge1,200.0,0.0
Switch: edgeedge1,200.0,0.0
Switch: edgecore,200.0,0.0
Switch: edgeedge1,200.0,0.0086
Switch: edgegw,200.0,0.0
Switch: edgeedge1,200.0,0.0
Switch: netcloudedge2,200.0,0.0
Switch: netcloudedge1,200.0,0.0
Switch: netcloudgw,200.0,0.0
Switch: netcloudedge1,200.0,0.0
Switch: netcloudcore,200.0,0.0
Switch: netcloudedge2,200.0,0.0
Switch: netcloudcore,200.0,0.0
Switch: inter2,200.0,0.0
Switch: inter1,200.0,0.0
Switch: inter1,200.0,0.0036
Switch: inter2,200.0,0.0036
Switch: internetedge,200.0,0.0036
Switch: internetcore,200.0,4.5E-5
Switch: internetgw,200.0,0.0036
Switch: edgeedge1,205.0,0.0
Switch: edgeedge1,205.0,0.0
Switch: edgecore,205.0,0.0
Switch: edgeedge1,205.0,0.0148
Switch: edgegw,205.0,0.0
Switch: edgeedge1,205.0,0.0
Switch: netcloudedge2,205.0,0.0
Switch: netcloudedge1,205.0,0.0
Switch: netcloudgw,205.0,0.0
Switch: netcloudedge1,205.0,0.0
Switch: netcloudcore,205.0,0.0
Switch: netcloudedge2,205.0,0.0
Switch: netcloudcore,205.0,0.0
Switch: inter2,205.0,0.0
Switch: inter1,205.0,0.0
Switch: inter1,205.0,0.0044
Switch: inter2,205.0,0.0044
Switch: internetedge,205.0,0.0044
Switch: internetcore,205.0,5.5E-5
Switch: internetgw,205.0,0.0044
Switch: edgeedge1,210.0,0.0
Switch: edgeedge1,210.0,0.0
Switch: edgecore,210.0,0.0
Switch: edgeedge1,210.0,0.018016
Switch: edgegw,210.0,0.0
Switch: edgeedge1,210.0,0.0
Switch: netcloudedge2,210.0,0.0
Switch: netcloudedge1,210.0,0.0
Switch: netcloudgw,210.0,0.0
Switch: netcloudedge1,210.0,0.0
Switch: netcloudcore,210.0,0.0
Switch: netcloudedge2,210.0,0.0
Switch: netcloudcore,210.0,0.0
Switch: inter2,210.0,0.0
Switch: inter1,210.0,0.0
Switch: inter1,210.0,0.003454
Switch: inter2,210.0,0.003454
Switch: internetedge,210.0,0.003454
Switch: internetcore,210.0,4.3175E-5
Switch: internetgw,210.0,0.003454
Switch: edgeedge1,215.0,0.0
Switch: edgeedge1,215.0,0.0
Switch: edgecore,215.0,0.0
Switch: edgeedge1,215.0,0.015248
Switch: edgegw,215.0,0.0
Switch: edgeedge1,215.0,0.0
Switch: netcloudedge2,215.0,0.0
Switch: netcloudedge1,215.0,0.0
Switch: netcloudgw,215.0,0.0
Switch: netcloudedge1,215.0,0.0
Switch: netcloudcore,215.0,0.0
Switch: netcloudedge2,215.0,0.0
Switch: netcloudcore,215.0,0.0
Switch: inter2,215.0,0.0
Switch: inter1,215.0,0.0
Switch: inter1,215.0,0.003552
Switch: inter2,215.0,0.003552
Switch: internetedge,215.0,0.003552
Switch: internetcore,215.0,4.44E-5
Switch: internetgw,215.0,0.003552
Switch: edgeedge1,220.0,0.0
Switch: edgeedge1,220.0,0.0
Switch: edgecore,220.0,0.0
Switch: edgeedge1,220.0,0.0114
Switch: edgegw,220.0,0.0
Switch: edgeedge1,220.0,0.0
Switch: netcloudedge2,220.0,0.0
Switch: netcloudedge1,220.0,0.0
Switch: netcloudgw,220.0,0.0
Switch: netcloudedge1,220.0,0.0
Switch: netcloudcore,220.0,0.0
Switch: netcloudedge2,220.0,0.0
Switch: netcloudcore,220.0,0.0
Switch: inter2,220.0,0.0
Switch: inter1,220.0,0.0
Switch: inter1,220.0,0.003
Switch: inter2,220.0,0.003
Switch: internetedge,220.0,0.003
Switch: internetcore,220.0,3.75E-5
Switch: internetgw,220.0,0.003
Switch: edgeedge1,225.0,0.0
Switch: edgeedge1,225.0,0.0
Switch: edgecore,225.0,0.0
Switch: edgeedge1,225.0,0.0122
Switch: edgegw,225.0,0.0
Switch: edgeedge1,225.0,0.0
Switch: netcloudedge2,225.0,0.0
Switch: netcloudedge1,225.0,0.0
Switch: netcloudgw,225.0,0.0
Switch: netcloudedge1,225.0,0.0
Switch: netcloudcore,225.0,0.0
Switch: netcloudedge2,225.0,0.0
Switch: netcloudcore,225.0,0.0
Switch: inter2,225.0,0.0
Switch: inter1,225.0,0.0
Switch: inter1,225.0,0.0036
Switch: inter2,225.0,0.0036
Switch: internetedge,225.0,0.0036
Switch: internetcore,225.0,4.5E-5
Switch: internetgw,225.0,0.0036
Switch: edgeedge1,230.0,0.0
Switch: edgeedge1,230.0,0.0
Switch: edgecore,230.0,0.0
Switch: edgeedge1,230.0,0.013018
Switch: edgegw,230.0,0.0
Switch: edgeedge1,230.0,0.0
Switch: netcloudedge2,230.0,0.0
Switch: netcloudedge1,230.0,0.0
Switch: netcloudgw,230.0,0.0
Switch: netcloudedge1,230.0,0.0
Switch: netcloudcore,230.0,0.0
Switch: netcloudedge2,230.0,0.0
Switch: netcloudcore,230.0,0.0
Switch: inter2,230.0,0.0
Switch: inter1,230.0,0.0
Switch: inter1,230.0,0.004
Switch: inter2,230.0,0.004
Switch: internetedge,230.0,0.004
Switch: internetcore,230.0,5.0E-5
Switch: internetgw,230.0,0.004
Switch: edgeedge1,235.0,0.0
Switch: edgeedge1,235.0,0.0
Switch: edgecore,235.0,0.0
Switch: edgeedge1,235.0,0.012642
Switch: edgegw,235.0,0.0
Switch: edgeedge1,235.0,0.0
Switch: netcloudedge2,235.0,0.0
Switch: netcloudedge1,235.0,0.0
Switch: netcloudgw,235.0,0.0
Switch: netcloudedge1,235.0,0.0
Switch: netcloudcore,235.0,0.0
Switch: netcloudedge2,235.0,0.0
Switch: netcloudcore,235.0,0.0
Switch: inter2,235.0,0.0
Switch: inter1,235.0,0.0
Switch: inter1,235.0,0.003158
Switch: inter2,235.0,0.003158
Switch: internetedge,235.0,0.003158
Switch: internetcore,235.0,3.9475E-5
Switch: internetgw,235.0,0.003158
Switch: edgeedge1,240.0,0.0
Switch: edgeedge1,240.0,0.0
Switch: edgecore,240.0,0.0
Switch: edgeedge1,240.0,0.0126
Switch: edgegw,240.0,0.0
Switch: edgeedge1,240.0,0.0
Switch: netcloudedge2,240.0,0.0
Switch: netcloudedge1,240.0,0.0
Switch: netcloudgw,240.0,0.0
Switch: netcloudedge1,240.0,0.0
Switch: netcloudcore,240.0,0.0
Switch: netcloudedge2,240.0,0.0
Switch: netcloudcore,240.0,0.0
Switch: inter2,240.0,0.0
Switch: inter1,240.0,0.0
Switch: inter1,240.0,0.0032
Switch: inter2,240.0,0.0032
Switch: internetedge,240.0,0.0032
Switch: internetcore,240.0,4.0E-5
Switch: internetgw,240.0,0.0032
Switch: edgeedge1,245.0,0.0
Switch: edgeedge1,245.0,0.0
Switch: edgecore,245.0,0.0
Switch: edgeedge1,245.0,0.012544
Switch: edgegw,245.0,0.0
Switch: edgeedge1,245.0,0.0
Switch: netcloudedge2,245.0,0.0
Switch: netcloudedge1,245.0,0.0
Switch: netcloudgw,245.0,0.0
Switch: netcloudedge1,245.0,0.0
Switch: netcloudcore,245.0,0.0
Switch: netcloudedge2,245.0,0.0
Switch: netcloudcore,245.0,0.0
Switch: inter2,245.0,0.0
Switch: inter1,245.0,0.0
Switch: inter1,245.0,0.003278
Switch: inter2,245.0,0.003278
Switch: internetedge,245.0,0.003278
Switch: internetcore,245.0,4.0975E-5
Switch: internetgw,245.0,0.003278
Switch: edgeedge1,250.0,0.0
Switch: edgeedge1,250.0,0.0
Switch: edgecore,250.0,0.0
Switch: edgeedge1,250.0,0.011774
Switch: edgegw,250.0,0.0
Switch: edgeedge1,250.0,0.0
Switch: netcloudedge2,250.0,0.0
Switch: netcloudedge1,250.0,0.0
Switch: netcloudgw,250.0,0.0
Switch: netcloudedge1,250.0,0.0
Switch: netcloudcore,250.0,0.0
Switch: netcloudedge2,250.0,0.0
Switch: netcloudcore,250.0,0.0
Switch: inter2,250.0,0.0
Switch: inter1,250.0,0.0
Switch: inter1,250.0,0.003226
Switch: inter2,250.0,0.003226
Switch: internetedge,250.0,0.003226
Switch: internetcore,250.0,4.0325E-5
Switch: internetgw,250.0,0.003226
Switch: edgeedge1,255.0,0.0
Switch: edgeedge1,255.0,0.0
Switch: edgecore,255.0,0.0
Switch: edgeedge1,255.0,0.0114
Switch: edgegw,255.0,0.0
Switch: edgeedge1,255.0,0.0
Switch: netcloudedge2,255.0,0.0
Switch: netcloudedge1,255.0,0.0
Switch: netcloudgw,255.0,0.0
Switch: netcloudedge1,255.0,0.0
Switch: netcloudcore,255.0,0.0
Switch: netcloudedge2,255.0,0.0
Switch: netcloudcore,255.0,0.0
Switch: inter2,255.0,0.0
Switch: inter1,255.0,0.0
Switch: inter1,255.0,0.0028
Switch: inter2,255.0,0.0028
Switch: internetedge,255.0,0.0028
Switch: internetcore,255.0,3.5E-5
Switch: internetgw,255.0,0.0028
Switch: edgeedge1,260.0,0.0
Switch: edgeedge1,260.0,0.0
Switch: edgecore,260.0,0.0
Switch: edgeedge1,260.0,0.015308
Switch: edgegw,260.0,0.0
Switch: edgeedge1,260.0,0.0
Switch: netcloudedge2,260.0,0.0
Switch: netcloudedge1,260.0,0.0
Switch: netcloudgw,260.0,0.0
Switch: netcloudedge1,260.0,0.0
Switch: netcloudcore,260.0,0.0
Switch: netcloudedge2,260.0,0.0
Switch: netcloudcore,260.0,0.0
Switch: inter2,260.0,0.0
Switch: inter1,260.0,0.0
Switch: inter1,260.0,0.003292
Switch: inter2,260.0,0.003292
Switch: internetedge,260.0,0.003292
Switch: internetcore,260.0,4.115E-5
Switch: internetgw,260.0,0.003292
Switch: edgeedge1,265.0,0.0
Switch: edgeedge1,265.0,0.0
Switch: edgecore,265.0,0.0
Switch: edgeedge1,265.0,0.012
Switch: edgegw,265.0,0.0
Switch: edgeedge1,265.0,0.0
Switch: netcloudedge2,265.0,0.0
Switch: netcloudedge1,265.0,0.0
Switch: netcloudgw,265.0,0.0
Switch: netcloudedge1,265.0,0.0
Switch: netcloudcore,265.0,0.0
Switch: netcloudedge2,265.0,0.0
Switch: netcloudcore,265.0,0.0
Switch: inter2,265.0,0.0
Switch: inter1,265.0,0.0
Switch: inter1,265.0,0.004
Switch: inter2,265.0,0.004
Switch: internetedge,265.0,0.004
Switch: internetcore,265.0,5.0E-5
Switch: internetgw,265.0,0.004
Switch: edgeedge1,270.0,0.0
Switch: edgeedge1,270.0,0.0
Switch: edgecore,270.0,0.0
Switch: edgeedge1,270.0,0.0136
Switch: edgegw,270.0,0.0
Switch: edgeedge1,270.0,0.0
Switch: netcloudedge2,270.0,0.0
Switch: netcloudedge1,270.0,0.0
Switch: netcloudgw,270.0,0.0
Switch: netcloudedge1,270.0,0.0
Switch: netcloudcore,270.0,0.0
Switch: netcloudedge2,270.0,0.0
Switch: netcloudcore,270.0,0.0
Switch: inter2,270.0,0.0
Switch: inter1,270.0,0.0
Switch: inter1,270.0,0.0038
Switch: inter2,270.0,0.0038
Switch: internetedge,270.0,0.0038
Switch: internetcore,270.0,4.75E-5
Switch: internetgw,270.0,0.0038
Switch: edgeedge1,275.0,0.0
Switch: edgeedge1,275.0,0.0
Switch: edgecore,275.0,0.0
Switch: edgeedge1,275.0,0.0142
Switch: edgegw,275.0,0.0
Switch: edgeedge1,275.0,0.0
Switch: netcloudedge2,275.0,0.0
Switch: netcloudedge1,275.0,0.0
Switch: netcloudgw,275.0,0.0
Switch: netcloudedge1,275.0,0.0
Switch: netcloudcore,275.0,0.0
Switch: netcloudedge2,275.0,0.0
Switch: netcloudcore,275.0,0.0
Switch: inter2,275.0,0.0
Switch: inter1,275.0,0.0
Switch: inter1,275.0,0.003338
Switch: inter2,275.0,0.003338
Switch: internetedge,275.0,0.003338
Switch: internetcore,275.0,4.1725E-5
Switch: internetgw,275.0,0.003338
Switch: edgeedge1,280.0,0.0
Switch: edgeedge1,280.0,0.0
Switch: edgecore,280.0,0.0
Switch: edgeedge1,280.0,0.0144
Switch: edgegw,280.0,0.0
Switch: edgeedge1,280.0,0.0
Switch: netcloudedge2,280.0,0.0
Switch: netcloudedge1,280.0,0.0
Switch: netcloudgw,280.0,0.0
Switch: netcloudedge1,280.0,0.0
Switch: netcloudcore,280.0,0.0
Switch: netcloudedge2,280.0,0.0
Switch: netcloudcore,280.0,0.0
Switch: inter2,280.0,0.0
Switch: inter1,280.0,0.0
Switch: inter1,280.0,0.0036
Switch: inter2,280.0,0.0036
Switch: internetedge,280.0,0.0036
Switch: internetcore,280.0,4.5E-5
Switch: internetgw,280.0,0.0036
Switch: edgeedge1,285.0,0.0
Switch: edgeedge1,285.0,0.0
Switch: edgecore,285.0,0.0
Switch: edgeedge1,285.0,0.0108
Switch: edgegw,285.0,0.0
Switch: edgeedge1,285.0,0.0
Switch: netcloudedge2,285.0,0.0
Switch: netcloudedge1,285.0,0.0
Switch: netcloudgw,285.0,0.0
Switch: netcloudedge1,285.0,0.0
Switch: netcloudcore,285.0,0.0
Switch: netcloudedge2,285.0,0.0
Switch: netcloudcore,285.0,0.0
Switch: inter2,285.0,0.0
Switch: inter1,285.0,0.0
Switch: inter1,285.0,0.003
Switch: inter2,285.0,0.003
Switch: internetedge,285.0,0.003
Switch: internetcore,285.0,3.75E-5
Switch: internetgw,285.0,0.003
Switch: edgeedge1,290.0,0.0
Switch: edgeedge1,290.0,0.0
Switch: edgecore,290.0,0.0
Switch: edgeedge1,290.0,0.0152
Switch: edgegw,290.0,0.0
Switch: edgeedge1,290.0,0.0
Switch: netcloudedge2,290.0,0.0
Switch: netcloudedge1,290.0,0.0
Switch: netcloudgw,290.0,0.0
Switch: netcloudedge1,290.0,0.0
Switch: netcloudcore,290.0,0.0
Switch: netcloudedge2,290.0,0.0
Switch: netcloudcore,290.0,0.0
Switch: inter2,290.0,0.0
Switch: inter1,290.0,0.0
Switch: inter1,290.0,0.0038
Switch: inter2,290.0,0.0038
Switch: internetedge,290.0,0.0038
Switch: internetcore,290.0,4.75E-5
Switch: internetgw,290.0,0.0038
Switch: edgeedge1,295.0,0.0
Switch: edgeedge1,295.0,0.0
Switch: edgecore,295.0,0.0
Switch: edgeedge1,295.0,0.01167
Switch: edgegw,295.0,0.0
Switch: edgeedge1,295.0,0.0
Switch: netcloudedge2,295.0,0.0
Switch: netcloudedge1,295.0,0.0
Switch: netcloudgw,295.0,0.0
Switch: netcloudedge1,295.0,0.0
Switch: netcloudcore,295.0,0.0
Switch: netcloudedge2,295.0,0.0
Switch: netcloudcore,295.0,0.0
Switch: inter2,295.0,0.0
Switch: inter1,295.0,0.0
Switch: inter1,295.0,0.00373
Switch: inter2,295.0,0.00373
Switch: internetedge,295.0,0.00373
Switch: internetcore,295.0,4.6625E-5
Switch: internetgw,295.0,0.00373
Switch: edgeedge1,300.0,0.0
Switch: edgeedge1,300.0,0.0
Switch: edgecore,300.0,0.0
Switch: edgeedge1,300.0,0.016
Switch: edgegw,300.0,0.0
Switch: edgeedge1,300.0,0.0
Switch: netcloudedge2,300.0,0.0
Switch: netcloudedge1,300.0,0.0
Switch: netcloudgw,300.0,0.0
Switch: netcloudedge1,300.0,0.0
Switch: netcloudcore,300.0,0.0
Switch: netcloudedge2,300.0,0.0
Switch: netcloudcore,300.0,0.0
Switch: inter2,300.0,0.0
Switch: inter1,300.0,0.0
Switch: inter1,300.0,0.003
Switch: inter2,300.0,0.003
Switch: internetedge,300.0,0.003
Switch: internetcore,300.0,3.75E-5
Switch: internetgw,300.0,0.003
Switch: edgeedge1,305.0,0.0
Switch: edgeedge1,305.0,0.0
Switch: edgecore,305.0,0.0
Switch: edgeedge1,305.0,0.0108
Switch: edgegw,305.0,0.0
Switch: edgeedge1,305.0,0.0
Switch: netcloudedge2,305.0,0.0
Switch: netcloudedge1,305.0,0.0
Switch: netcloudgw,305.0,0.0
Switch: netcloudedge1,305.0,0.0
Switch: netcloudcore,305.0,0.0
Switch: netcloudedge2,305.0,0.0
Switch: netcloudcore,305.0,0.0
Switch: inter2,305.0,0.0
Switch: inter1,305.0,0.0
Switch: inter1,305.0,0.0034
Switch: inter2,305.0,0.0034
Switch: internetedge,305.0,0.0034
Switch: internetcore,305.0,4.25E-5
Switch: internetgw,305.0,0.0034
Switch: edgeedge1,310.0,0.0
Switch: edgeedge1,310.0,0.0
Switch: edgecore,310.0,0.0
Switch: edgeedge1,310.0,0.0128
Switch: edgegw,310.0,0.0
Switch: edgeedge1,310.0,0.0
Switch: netcloudedge2,310.0,0.0
Switch: netcloudedge1,310.0,0.0
Switch: netcloudgw,310.0,0.0
Switch: netcloudedge1,310.0,0.0
Switch: netcloudcore,310.0,0.0
Switch: netcloudedge2,310.0,0.0
Switch: netcloudcore,310.0,0.0
Switch: inter2,310.0,0.0
Switch: inter1,310.0,0.0
Switch: inter1,310.0,0.0038
Switch: inter2,310.0,0.0038
Switch: internetedge,310.0,0.0038
Switch: internetcore,310.0,4.75E-5
Switch: internetgw,310.0,0.0038
Switch: edgeedge1,315.0,0.0
Switch: edgeedge1,315.0,0.0
Switch: edgecore,315.0,0.0
Switch: edgeedge1,315.0,0.0106
Switch: edgegw,315.0,0.0
Switch: edgeedge1,315.0,0.0
Switch: netcloudedge2,315.0,0.0
Switch: netcloudedge1,315.0,0.0
Switch: netcloudgw,315.0,0.0
Switch: netcloudedge1,315.0,0.0
Switch: netcloudcore,315.0,0.0
Switch: netcloudedge2,315.0,0.0
Switch: netcloudcore,315.0,0.0
Switch: inter2,315.0,0.0
Switch: inter1,315.0,0.0
Switch: inter1,315.0,0.0036
Switch: inter2,315.0,0.0036
Switch: internetedge,315.0,0.0036
Switch: internetcore,315.0,4.5E-5
Switch: internetgw,315.0,0.0036
Switch: edgeedge1,320.0,0.0
Switch: edgeedge1,320.0,0.0
Switch: edgecore,320.0,0.0
Switch: edgeedge1,320.0,0.0128
Switch: edgegw,320.0,0.0
Switch: edgeedge1,320.0,0.0
Switch: netcloudedge2,320.0,0.0
Switch: netcloudedge1,320.0,0.0
Switch: netcloudgw,320.0,0.0
Switch: netcloudedge1,320.0,0.0
Switch: netcloudcore,320.0,0.0
Switch: netcloudedge2,320.0,0.0
Switch: netcloudcore,320.0,0.0
Switch: inter2,320.0,0.0
Switch: inter1,320.0,0.0
Switch: inter1,320.0,0.0028
Switch: inter2,320.0,0.0028
Switch: internetedge,320.0,0.0028
Switch: internetcore,320.0,3.5E-5
Switch: internetgw,320.0,0.0028
Switch: edgeedge1,325.0,0.0
Switch: edgeedge1,325.0,0.0
Switch: edgecore,325.0,0.0
Switch: edgeedge1,325.0,0.013428
Switch: edgegw,325.0,0.0
Switch: edgeedge1,325.0,0.0
Switch: netcloudedge2,325.0,0.0
Switch: netcloudedge1,325.0,0.0
Switch: netcloudgw,325.0,0.0
Switch: netcloudedge1,325.0,0.0
Switch: netcloudcore,325.0,0.0
Switch: netcloudedge2,325.0,0.0
Switch: netcloudcore,325.0,0.0
Switch: inter2,325.0,0.0
Switch: inter1,325.0,0.0
Switch: inter1,325.0,0.0032
Switch: inter2,325.0,0.0032
Switch: internetedge,325.0,0.0032
Switch: internetcore,325.0,4.0E-5
Switch: internetgw,325.0,0.0032
Switch: edgeedge1,330.0,0.0
Switch: edgeedge1,330.0,0.0
Switch: edgecore,330.0,0.0
Switch: edgeedge1,330.0,0.012756
Switch: edgegw,330.0,0.0
Switch: edgeedge1,330.0,0.0
Switch: netcloudedge2,330.0,0.0
Switch: netcloudedge1,330.0,0.0
Switch: netcloudgw,330.0,0.0
Switch: netcloudedge1,330.0,0.0
Switch: netcloudcore,330.0,0.0
Switch: netcloudedge2,330.0,0.0
Switch: netcloudcore,330.0,0.0
Switch: inter2,330.0,0.0
Switch: inter1,330.0,0.0
Switch: inter1,330.0,0.004244
Switch: inter2,330.0,0.004244
Switch: internetedge,330.0,0.004244
Switch: internetcore,330.0,5.305E-5
Switch: internetgw,330.0,0.004244
Switch: edgeedge1,335.0,0.0
Switch: edgeedge1,335.0,0.0
Switch: edgecore,335.0,0.0
Switch: edgeedge1,335.0,0.013226
Switch: edgegw,335.0,0.0
Switch: edgeedge1,335.0,0.0
Switch: netcloudedge2,335.0,0.0
Switch: netcloudedge1,335.0,0.0
Switch: netcloudgw,335.0,0.0
Switch: netcloudedge1,335.0,0.0
Switch: netcloudcore,335.0,0.0
Switch: netcloudedge2,335.0,0.0
Switch: netcloudcore,335.0,0.0
Switch: inter2,335.0,0.0
Switch: inter1,335.0,0.0
Switch: inter1,335.0,0.003238
Switch: inter2,335.0,0.003238
Switch: internetedge,335.0,0.003238
Switch: internetcore,335.0,4.0475E-5
Switch: internetgw,335.0,0.003238
Switch: edgeedge1,340.0,0.0
Switch: edgeedge1,340.0,0.0
Switch: edgecore,340.0,0.0
Switch: edgeedge1,340.0,0.014
Switch: edgegw,340.0,0.0
Switch: edgeedge1,340.0,0.0
Switch: netcloudedge2,340.0,0.0
Switch: netcloudedge1,340.0,0.0
Switch: netcloudgw,340.0,0.0
Switch: netcloudedge1,340.0,0.0
Switch: netcloudcore,340.0,0.0
Switch: netcloudedge2,340.0,0.0
Switch: netcloudcore,340.0,0.0
Switch: inter2,340.0,0.0
Switch: inter1,340.0,0.0
Switch: inter1,340.0,0.0034
Switch: inter2,340.0,0.0034
Switch: internetedge,340.0,0.0034
Switch: internetcore,340.0,4.25E-5
Switch: internetgw,340.0,0.0034
Switch: edgeedge1,345.0,0.0
Switch: edgeedge1,345.0,0.0
Switch: edgecore,345.0,0.0
Switch: edgeedge1,345.0,0.0132
Switch: edgegw,345.0,0.0
Switch: edgeedge1,345.0,0.0
Switch: netcloudedge2,345.0,0.0
Switch: netcloudedge1,345.0,0.0
Switch: netcloudgw,345.0,0.0
Switch: netcloudedge1,345.0,0.0
Switch: netcloudcore,345.0,0.0
Switch: netcloudedge2,345.0,0.0
Switch: netcloudcore,345.0,0.0
Switch: inter2,345.0,0.0
Switch: inter1,345.0,0.0
Switch: inter1,345.0,0.00357
Switch: inter2,345.0,0.00357
Switch: internetedge,345.0,0.00357
Switch: internetcore,345.0,4.4625E-5
Switch: internetgw,345.0,0.00357
Switch: edgeedge1,350.0,0.0
Switch: edgeedge1,350.0,0.0
Switch: edgecore,350.0,0.0
Switch: edgeedge1,350.0,0.012218
Switch: edgegw,350.0,0.0
Switch: edgeedge1,350.0,0.0
Switch: netcloudedge2,350.0,0.0
Switch: netcloudedge1,350.0,0.0
Switch: netcloudgw,350.0,0.0
Switch: netcloudedge1,350.0,0.0
Switch: netcloudcore,350.0,0.0
Switch: netcloudedge2,350.0,0.0
Switch: netcloudcore,350.0,0.0
Switch: inter2,350.0,0.0
Switch: inter1,350.0,0.0
Switch: inter1,350.0,0.003982
Switch: inter2,350.0,0.003982
Switch: internetedge,350.0,0.003982
Switch: internetcore,350.0,4.9775E-5
Switch: internetgw,350.0,0.003982
Switch: edgeedge1,355.0,0.0
Switch: edgeedge1,355.0,0.0
Switch: edgecore,355.0,0.0
Switch: edgeedge1,355.0,0.0138
Switch: edgegw,355.0,0.0
Switch: edgeedge1,355.0,0.0
Switch: netcloudedge2,355.0,0.0
Switch: netcloudedge1,355.0,0.0
Switch: netcloudgw,355.0,0.0
Switch: netcloudedge1,355.0,0.0
Switch: netcloudcore,355.0,0.0
Switch: netcloudedge2,355.0,0.0
Switch: netcloudcore,355.0,0.0
Switch: inter2,355.0,0.0
Switch: inter1,355.0,0.0
Switch: inter1,355.0,0.0034
Switch: inter2,355.0,0.0034
Switch: internetedge,355.0,0.0034
Switch: internetcore,355.0,4.25E-5
Switch: internetgw,355.0,0.0034
Switch: edgeedge1,360.0,0.0
Switch: edgeedge1,360.0,0.0
Switch: edgecore,360.0,0.0
Switch: edgeedge1,360.0,0.0128
Switch: edgegw,360.0,0.0
Switch: edgeedge1,360.0,0.0
Switch: netcloudedge2,360.0,0.0
Switch: netcloudedge1,360.0,0.0
Switch: netcloudgw,360.0,0.0
Switch: netcloudedge1,360.0,0.0
Switch: netcloudcore,360.0,0.0
Switch: netcloudedge2,360.0,0.0
Switch: netcloudcore,360.0,0.0
Switch: inter2,360.0,0.0
Switch: inter1,360.0,0.0
Switch: inter1,360.0,0.004
Switch: inter2,360.0,0.004
Switch: internetedge,360.0,0.004
Switch: internetcore,360.0,5.0E-5
Switch: internetgw,360.0,0.004
Switch: edgeedge1,365.0,0.0
Switch: edgeedge1,365.0,0.0
Switch: edgecore,365.0,0.0
Switch: edgeedge1,365.0,0.007
Switch: edgegw,365.0,0.0
Switch: edgeedge1,365.0,0.0
Switch: netcloudedge2,365.0,0.0
Switch: netcloudedge1,365.0,0.0
Switch: netcloudgw,365.0,0.0
Switch: netcloudedge1,365.0,0.0
Switch: netcloudcore,365.0,0.0
Switch: netcloudedge2,365.0,0.0
Switch: netcloudcore,365.0,0.0
Switch: inter2,365.0,0.0
Switch: inter1,365.0,0.0
Switch: inter1,365.0,0.0026
Switch: inter2,365.0,0.0026
Switch: internetedge,365.0,0.0026
Switch: internetcore,365.0,3.25E-5
Switch: internetgw,365.0,0.0026
Switch: edgeedge1,370.0,0.0
Switch: edgeedge1,370.0,0.0
Switch: edgecore,370.0,0.0
Switch: edgeedge1,370.0,0.0166
Switch: edgegw,370.0,0.0
Switch: edgeedge1,370.0,0.0
Switch: netcloudedge2,370.0,0.0
Switch: netcloudedge1,370.0,0.0
Switch: netcloudgw,370.0,0.0
Switch: netcloudedge1,370.0,0.0
Switch: netcloudcore,370.0,0.0
Switch: netcloudedge2,370.0,0.0
Switch: netcloudcore,370.0,0.0
Switch: inter2,370.0,0.0
Switch: inter1,370.0,0.0
Switch: inter1,370.0,0.0034
Switch: inter2,370.0,0.0034
Switch: internetedge,370.0,0.0034
Switch: internetcore,370.0,4.25E-5
Switch: internetgw,370.0,0.0034
Switch: edgeedge1,375.0,0.0
Switch: edgeedge1,375.0,0.0
Switch: edgecore,375.0,0.0
Switch: edgeedge1,375.0,0.0126
Switch: edgegw,375.0,0.0
Switch: edgeedge1,375.0,0.0
Switch: netcloudedge2,375.0,0.0
Switch: netcloudedge1,375.0,0.0
Switch: netcloudgw,375.0,0.0
Switch: netcloudedge1,375.0,0.0
Switch: netcloudcore,375.0,0.0
Switch: netcloudedge2,375.0,0.0
Switch: netcloudcore,375.0,0.0
Switch: inter2,375.0,0.0
Switch: inter1,375.0,0.0
Switch: inter1,375.0,0.0038
Switch: inter2,375.0,0.0038
Switch: internetedge,375.0,0.0038
Switch: internetcore,375.0,4.75E-5
Switch: internetgw,375.0,0.0038
Switch: edgeedge1,380.0,0.0
Switch: edgeedge1,380.0,0.0
Switch: edgecore,380.0,0.0
Switch: edgeedge1,380.0,0.013226
Switch: edgegw,380.0,0.0
Switch: edgeedge1,380.0,0.0
Switch: netcloudedge2,380.0,0.0
Switch: netcloudedge1,380.0,0.0
Switch: netcloudgw,380.0,0.0
Switch: netcloudedge1,380.0,0.0
Switch: netcloudcore,380.0,0.0
Switch: netcloudedge2,380.0,0.0
Switch: netcloudcore,380.0,0.0
Switch: inter2,380.0,0.0
Switch: inter1,380.0,0.0
Switch: inter1,380.0,0.003774
Switch: inter2,380.0,0.003774
Switch: internetedge,380.0,0.003774
Switch: internetcore,380.0,4.7175E-5
Switch: internetgw,380.0,0.003774
Switch: edgeedge1,385.0,0.0
Switch: edgeedge1,385.0,0.0
Switch: edgecore,385.0,0.0
Switch: edgeedge1,385.0,0.014422
Switch: edgegw,385.0,0.0
Switch: edgeedge1,385.0,0.0
Switch: netcloudedge2,385.0,0.0
Switch: netcloudedge1,385.0,0.0
Switch: netcloudgw,385.0,0.0
Switch: netcloudedge1,385.0,0.0
Switch: netcloudcore,385.0,0.0
Switch: netcloudedge2,385.0,0.0
Switch: netcloudcore,385.0,0.0
Switch: inter2,385.0,0.0
Switch: inter1,385.0,0.0
Switch: inter1,385.0,0.0036
Switch: inter2,385.0,0.0036
Switch: internetedge,385.0,0.0036
Switch: internetcore,385.0,4.5E-5
Switch: internetgw,385.0,0.0036
Switch: edgeedge1,390.0,0.0
Switch: edgeedge1,390.0,0.0
Switch: edgecore,390.0,0.0
Switch: edgeedge1,390.0,0.0121
Switch: edgegw,390.0,0.0
Switch: edgeedge1,390.0,0.0
Switch: netcloudedge2,390.0,0.0
Switch: netcloudedge1,390.0,0.0
Switch: netcloudgw,390.0,0.0
Switch: netcloudedge1,390.0,0.0
Switch: netcloudcore,390.0,0.0
Switch: netcloudedge2,390.0,0.0
Switch: netcloudcore,390.0,0.0
Switch: inter2,390.0,0.0
Switch: inter1,390.0,0.0
Switch: inter1,390.0,0.0037
Switch: inter2,390.0,0.0037
Switch: internetedge,390.0,0.0037
Switch: internetcore,390.0,4.625E-5
Switch: internetgw,390.0,0.0037
Switch: edgeedge1,395.0,0.0
Switch: edgeedge1,395.0,0.0
Switch: edgecore,395.0,0.0
Switch: edgeedge1,395.0,0.01279
Switch: edgegw,395.0,0.0
Switch: edgeedge1,395.0,0.0
Switch: netcloudedge2,395.0,0.0
Switch: netcloudedge1,395.0,0.0
Switch: netcloudgw,395.0,0.0
Switch: netcloudedge1,395.0,0.0
Switch: netcloudcore,395.0,0.0
Switch: netcloudedge2,395.0,0.0
Switch: netcloudcore,395.0,0.0
Switch: inter2,395.0,0.0
Switch: inter1,395.0,0.0
Switch: inter1,395.0,0.00321
Switch: inter2,395.0,0.00321
Switch: internetedge,395.0,0.00321
Switch: internetcore,395.0,4.0125E-5
Switch: internetgw,395.0,0.00321
Switch: edgeedge1,400.0,0.0
Switch: edgeedge1,400.0,0.0
Switch: edgecore,400.0,0.0
Switch: edgeedge1,400.0,0.013312
Switch: edgegw,400.0,0.0
Switch: edgeedge1,400.0,0.0
Switch: netcloudedge2,400.0,0.0
Switch: netcloudedge1,400.0,0.0
Switch: netcloudgw,400.0,0.0
Switch: netcloudedge1,400.0,0.0
Switch: netcloudcore,400.0,0.0
Switch: netcloudedge2,400.0,0.0
Switch: netcloudcore,400.0,0.0
Switch: inter2,400.0,0.0
Switch: inter1,400.0,0.0
Switch: inter1,400.0,0.0032
Switch: inter2,400.0,0.0032
Switch: internetedge,400.0,0.0032
Switch: internetcore,400.0,4.0E-5
Switch: internetgw,400.0,0.0032
Switch: edgeedge1,405.0,0.0
Switch: edgeedge1,405.0,0.0
Switch: edgecore,405.0,0.0
Switch: edgeedge1,405.0,0.0132
Switch: edgegw,405.0,0.0
Switch: edgeedge1,405.0,0.0
Switch: netcloudedge2,405.0,0.0
Switch: netcloudedge1,405.0,0.0
Switch: netcloudgw,405.0,0.0
Switch: netcloudedge1,405.0,0.0
Switch: netcloudcore,405.0,0.0
Switch: netcloudedge2,405.0,0.0
Switch: netcloudcore,405.0,0.0
Switch: inter2,405.0,0.0
Switch: inter1,405.0,0.0
Switch: inter1,405.0,0.0038
Switch: inter2,405.0,0.0038
Switch: internetedge,405.0,0.0038
Switch: internetcore,405.0,4.75E-5
Switch: internetgw,405.0,0.0038
Switch: edgeedge1,410.0,0.0
Switch: edgeedge1,410.0,0.0
Switch: edgecore,410.0,0.0
Switch: edgeedge1,410.0,0.014016
Switch: edgegw,410.0,0.0
Switch: edgeedge1,410.0,0.0
Switch: netcloudedge2,410.0,0.0
Switch: netcloudedge1,410.0,0.0
Switch: netcloudgw,410.0,0.0
Switch: netcloudedge1,410.0,0.0
Switch: netcloudcore,410.0,0.0
Switch: netcloudedge2,410.0,0.0
Switch: netcloudcore,410.0,0.0
Switch: inter2,410.0,0.0
Switch: inter1,410.0,0.0
Switch: inter1,410.0,0.003384
Switch: inter2,410.0,0.003384
Switch: internetedge,410.0,0.003384
Switch: internetcore,410.0,4.23E-5
Switch: internetgw,410.0,0.003384
Switch: edgeedge1,415.0,0.0
Switch: edgeedge1,415.0,0.0
Switch: edgecore,415.0,0.0
Switch: edgeedge1,415.0,0.013
Switch: edgegw,415.0,0.0
Switch: edgeedge1,415.0,0.0
Switch: netcloudedge2,415.0,0.0
Switch: netcloudedge1,415.0,0.0
Switch: netcloudgw,415.0,0.0
Switch: netcloudedge1,415.0,0.0
Switch: netcloudcore,415.0,0.0
Switch: netcloudedge2,415.0,0.0
Switch: netcloudcore,415.0,0.0
Switch: inter2,415.0,0.0
Switch: inter1,415.0,0.0
Switch: inter1,415.0,0.0034
Switch: inter2,415.0,0.0034
Switch: internetedge,415.0,0.0034
Switch: internetcore,415.0,4.25E-5
Switch: internetgw,415.0,0.0034
Switch: edgeedge1,420.0,0.0
Switch: edgeedge1,420.0,0.0
Switch: edgecore,420.0,0.0
Switch: edgeedge1,420.0,0.01476
Switch: edgegw,420.0,0.0
Switch: edgeedge1,420.0,0.0
Switch: netcloudedge2,420.0,0.0
Switch: netcloudedge1,420.0,0.0
Switch: netcloudgw,420.0,0.0
Switch: netcloudedge1,420.0,0.0
Switch: netcloudcore,420.0,0.0
Switch: netcloudedge2,420.0,0.0
Switch: netcloudcore,420.0,0.0
Switch: inter2,420.0,0.0
Switch: inter1,420.0,0.0
Switch: inter1,420.0,0.0028
Switch: inter2,420.0,0.0028
Switch: internetedge,420.0,0.0028
Switch: internetcore,420.0,3.5E-5
Switch: internetgw,420.0,0.0028
Switch: edgeedge1,425.0,0.0
Switch: edgeedge1,425.0,0.0
Switch: edgecore,425.0,0.0
Switch: edgeedge1,425.0,0.012678
Switch: edgegw,425.0,0.0
Switch: edgeedge1,425.0,0.0
Switch: netcloudedge2,425.0,0.0
Switch: netcloudedge1,425.0,0.0
Switch: netcloudgw,425.0,0.0
Switch: netcloudedge1,425.0,0.0
Switch: netcloudcore,425.0,0.0
Switch: netcloudedge2,425.0,0.0
Switch: netcloudcore,425.0,0.0
Switch: inter2,425.0,0.0
Switch: inter1,425.0,0.0
Switch: inter1,425.0,0.003122
Switch: inter2,425.0,0.003122
Switch: internetedge,425.0,0.003122
Switch: internetcore,425.0,3.9025E-5
Switch: internetgw,425.0,0.003122
Switch: edgeedge1,430.0,0.0
Switch: edgeedge1,430.0,0.0
Switch: edgecore,430.0,0.0
Switch: edgeedge1,430.0,0.0122
Switch: edgegw,430.0,0.0
Switch: edgeedge1,430.0,0.0
Switch: netcloudedge2,430.0,0.0
Switch: netcloudedge1,430.0,0.0
Switch: netcloudgw,430.0,0.0
Switch: netcloudedge1,430.0,0.0
Switch: netcloudcore,430.0,0.0
Switch: netcloudedge2,430.0,0.0
Switch: netcloudcore,430.0,0.0
Switch: inter2,430.0,0.0
Switch: inter1,430.0,0.0
Switch: inter1,430.0,0.0038
Switch: inter2,430.0,0.0038
Switch: internetedge,430.0,0.0038
Switch: internetcore,430.0,4.75E-5
Switch: internetgw,430.0,0.0038
Switch: edgeedge1,435.0,0.0
Switch: edgeedge1,435.0,0.0
Switch: edgecore,435.0,0.0
Switch: edgeedge1,435.0,0.014568
Switch: edgegw,435.0,0.0
Switch: edgeedge1,435.0,0.0
Switch: netcloudedge2,435.0,0.0
Switch: netcloudedge1,435.0,0.0
Switch: netcloudgw,435.0,0.0
Switch: netcloudedge1,435.0,0.0
Switch: netcloudcore,435.0,0.0
Switch: netcloudedge2,435.0,0.0
Switch: netcloudcore,435.0,0.0
Switch: inter2,435.0,0.0
Switch: inter1,435.0,0.0
Switch: inter1,435.0,0.00302
Switch: inter2,435.0,0.00302
Switch: internetedge,435.0,0.00302
Switch: internetcore,435.0,3.775E-5
Switch: internetgw,435.0,0.00302
Switch: edgeedge1,440.0,0.0
Switch: edgeedge1,440.0,0.0
Switch: edgecore,440.0,0.0
Switch: edgeedge1,440.0,0.015116
Switch: edgegw,440.0,0.0
Switch: edgeedge1,440.0,0.0
Switch: netcloudedge2,440.0,0.0
Switch: netcloudedge1,440.0,0.0
Switch: netcloudgw,440.0,0.0
Switch: netcloudedge1,440.0,0.0
Switch: netcloudcore,440.0,0.0
Switch: netcloudedge2,440.0,0.0
Switch: netcloudcore,440.0,0.0
Switch: inter2,440.0,0.0
Switch: inter1,440.0,0.0
Switch: inter1,440.0,0.003848
Switch: inter2,440.0,0.003848
Switch: internetedge,440.0,0.003848
Switch: internetcore,440.0,4.81E-5
Switch: internetgw,440.0,0.003848
Switch: edgeedge1,445.0,0.0
Switch: edgeedge1,445.0,0.0
Switch: edgecore,445.0,0.0
Switch: edgeedge1,445.0,0.011934
Switch: edgegw,445.0,0.0
Switch: edgeedge1,445.0,0.0
Switch: netcloudedge2,445.0,0.0
Switch: netcloudedge1,445.0,0.0
Switch: netcloudgw,445.0,0.0
Switch: netcloudedge1,445.0,0.0
Switch: netcloudcore,445.0,0.0
Switch: netcloudedge2,445.0,0.0
Switch: netcloudcore,445.0,0.0
Switch: inter2,445.0,0.0
Switch: inter1,445.0,0.0
Switch: inter1,445.0,0.0042
Switch: inter2,445.0,0.0042
Switch: internetedge,445.0,0.0042
Switch: internetcore,445.0,5.25E-5
Switch: internetgw,445.0,0.0042
Switch: edgeedge1,450.0,0.0
Switch: edgeedge1,450.0,0.0
Switch: edgecore,450.0,0.0
Switch: edgeedge1,450.0,0.013628
Switch: edgegw,450.0,0.0
Switch: edgeedge1,450.0,0.0
Switch: netcloudedge2,450.0,0.0
Switch: netcloudedge1,450.0,0.0
Switch: netcloudgw,450.0,0.0
Switch: netcloudedge1,450.0,0.0
Switch: netcloudcore,450.0,0.0
Switch: netcloudedge2,450.0,0.0
Switch: netcloudcore,450.0,0.0
Switch: inter2,450.0,0.0
Switch: inter1,450.0,0.0
Switch: inter1,450.0,0.002986
Switch: inter2,450.0,0.002986
Switch: internetedge,450.0,0.002986
Switch: internetcore,450.0,3.7325E-5
Switch: internetgw,450.0,0.002986
Switch: edgeedge1,455.0,0.0
Switch: edgeedge1,455.0,0.0
Switch: edgecore,455.0,0.0
Switch: edgeedge1,455.0,0.014472
Switch: edgegw,455.0,0.0
Switch: edgeedge1,455.0,0.0
Switch: netcloudedge2,455.0,0.0
Switch: netcloudedge1,455.0,0.0
Switch: netcloudgw,455.0,0.0
Switch: netcloudedge1,455.0,0.0
Switch: netcloudcore,455.0,0.0
Switch: netcloudedge2,455.0,0.0
Switch: netcloudcore,455.0,0.0
Switch: inter2,455.0,0.0
Switch: inter1,455.0,0.0
Switch: inter1,455.0,0.0036
Switch: inter2,455.0,0.0036
Switch: internetedge,455.0,0.0036
Switch: internetcore,455.0,4.5E-5
Switch: internetgw,455.0,0.0036
Switch: edgeedge1,460.0,0.0
Switch: edgeedge1,460.0,0.0
Switch: edgecore,460.0,0.0
Switch: edgeedge1,460.0,0.0122
Switch: edgegw,460.0,0.0
Switch: edgeedge1,460.0,0.0
Switch: netcloudedge2,460.0,0.0
Switch: netcloudedge1,460.0,0.0
Switch: netcloudgw,460.0,0.0
Switch: netcloudedge1,460.0,0.0
Switch: netcloudcore,460.0,0.0
Switch: netcloudedge2,460.0,0.0
Switch: netcloudcore,460.0,0.0
Switch: inter2,460.0,0.0
Switch: inter1,460.0,0.0
Switch: inter1,460.0,0.003
Switch: inter2,460.0,0.003
Switch: internetedge,460.0,0.003
Switch: internetcore,460.0,3.75E-5
Switch: internetgw,460.0,0.003
Switch: edgeedge1,465.0,0.0
Switch: edgeedge1,465.0,0.0
Switch: edgecore,465.0,0.0
Switch: edgeedge1,465.0,0.0152
Switch: edgegw,465.0,0.0
Switch: edgeedge1,465.0,0.0
Switch: netcloudedge2,465.0,0.0
Switch: netcloudedge1,465.0,0.0
Switch: netcloudgw,465.0,0.0
Switch: netcloudedge1,465.0,0.0
Switch: netcloudcore,465.0,0.0
Switch: netcloudedge2,465.0,0.0
Switch: netcloudcore,465.0,0.0
Switch: inter2,465.0,0.0
Switch: inter1,465.0,0.0
Switch: inter1,465.0,0.0032
Switch: inter2,465.0,0.0032
Switch: internetedge,465.0,0.0032
Switch: internetcore,465.0,4.0E-5
Switch: internetgw,465.0,0.0032
Switch: edgeedge1,470.0,0.0
Switch: edgeedge1,470.0,0.0
Switch: edgecore,470.0,0.0
Switch: edgeedge1,470.0,0.0154
Switch: edgegw,470.0,0.0
Switch: edgeedge1,470.0,0.0
Switch: netcloudedge2,470.0,0.0
Switch: netcloudedge1,470.0,0.0
Switch: netcloudgw,470.0,0.0
Switch: netcloudedge1,470.0,0.0
Switch: netcloudcore,470.0,0.0
Switch: netcloudedge2,470.0,0.0
Switch: netcloudcore,470.0,0.0
Switch: inter2,470.0,0.0
Switch: inter1,470.0,0.0
Switch: inter1,470.0,0.003546
Switch: inter2,470.0,0.003546
Switch: internetedge,470.0,0.003546
Switch: internetcore,470.0,4.4325E-5
Switch: internetgw,470.0,0.003546
Switch: edgeedge1,475.0,0.0
Switch: edgeedge1,475.0,0.0
Switch: edgecore,475.0,0.0
Switch: edgeedge1,475.0,0.0132
Switch: edgegw,475.0,0.0
Switch: edgeedge1,475.0,0.0
Switch: netcloudedge2,475.0,0.0
Switch: netcloudedge1,475.0,0.0
Switch: netcloudgw,475.0,0.0
Switch: netcloudedge1,475.0,0.0
Switch: netcloudcore,475.0,0.0
Switch: netcloudedge2,475.0,0.0
Switch: netcloudcore,475.0,0.0
Switch: inter2,475.0,0.0
Switch: inter1,475.0,0.0
Switch: inter1,475.0,0.0034
Switch: inter2,475.0,0.0034
Switch: internetedge,475.0,0.0034
Switch: internetcore,475.0,4.25E-5
Switch: internetgw,475.0,0.0034
Switch: edgeedge1,480.0,0.0
Switch: edgeedge1,480.0,0.0
Switch: edgecore,480.0,0.0
Switch: edgeedge1,480.0,0.0126
Switch: edgegw,480.0,0.0
Switch: edgeedge1,480.0,0.0
Switch: netcloudedge2,480.0,0.0
Switch: netcloudedge1,480.0,0.0
Switch: netcloudgw,480.0,0.0
Switch: netcloudedge1,480.0,0.0
Switch: netcloudcore,480.0,0.0
Switch: netcloudedge2,480.0,0.0
Switch: netcloudcore,480.0,0.0
Switch: inter2,480.0,0.0
Switch: inter1,480.0,0.0
Switch: inter1,480.0,0.0034
Switch: inter2,480.0,0.0034
Switch: internetedge,480.0,0.0034
Switch: internetcore,480.0,4.25E-5
Switch: internetgw,480.0,0.0034
Switch: edgeedge1,485.0,0.0
Switch: edgeedge1,485.0,0.0
Switch: edgecore,485.0,0.0
Switch: edgeedge1,485.0,0.01498
Switch: edgegw,485.0,0.0
Switch: edgeedge1,485.0,0.0
Switch: netcloudedge2,485.0,0.0
Switch: netcloudedge1,485.0,0.0
Switch: netcloudgw,485.0,0.0
Switch: netcloudedge1,485.0,0.0
Switch: netcloudcore,485.0,0.0
Switch: netcloudedge2,485.0,0.0
Switch: netcloudcore,485.0,0.0
Switch: inter2,485.0,0.0
Switch: inter1,485.0,0.0
Switch: inter1,485.0,0.00322
Switch: inter2,485.0,0.00322
Switch: internetedge,485.0,0.00322
Switch: internetcore,485.0,4.025E-5
Switch: internetgw,485.0,0.00322
Switch: edgeedge1,490.0,0.0
Switch: edgeedge1,490.0,0.0
Switch: edgecore,490.0,0.0
Switch: edgeedge1,490.0,0.012346
Switch: edgegw,490.0,0.0
Switch: edgeedge1,490.0,0.0
Switch: netcloudedge2,490.0,0.0
Switch: netcloudedge1,490.0,0.0
Switch: netcloudgw,490.0,0.0
Switch: netcloudedge1,490.0,0.0
Switch: netcloudcore,490.0,0.0
Switch: netcloudedge2,490.0,0.0
Switch: netcloudcore,490.0,0.0
Switch: inter2,490.0,0.0
Switch: inter1,490.0,0.0
Switch: inter1,490.0,0.003114
Switch: inter2,490.0,0.003114
Switch: internetedge,490.0,0.003114
Switch: internetcore,490.0,3.8925E-5
Switch: internetgw,490.0,0.003114
Switch: edgeedge1,495.0,0.0
Switch: edgeedge1,495.0,0.0
Switch: edgecore,495.0,0.0
Switch: edgeedge1,495.0,0.0124
Switch: edgegw,495.0,0.0
Switch: edgeedge1,495.0,0.0
Switch: netcloudedge2,495.0,0.0
Switch: netcloudedge1,495.0,0.0
Switch: netcloudgw,495.0,0.0
Switch: netcloudedge1,495.0,0.0
Switch: netcloudcore,495.0,0.0
Switch: netcloudedge2,495.0,0.0
Switch: netcloudcore,495.0,0.0
Switch: inter2,495.0,0.0
Switch: inter1,495.0,0.0
Switch: inter1,495.0,0.0042
Switch: inter2,495.0,0.0042
Switch: internetedge,495.0,0.0042
Switch: internetcore,495.0,5.25E-5
Switch: internetgw,495.0,0.0042
Switch: edgeedge1,500.0,0.0
Switch: edgeedge1,500.0,0.0
Switch: edgecore,500.0,0.0
Switch: edgeedge1,500.0,0.01322
Switch: edgegw,500.0,0.0
Switch: edgeedge1,500.0,0.0
Switch: netcloudedge2,500.0,0.0
Switch: netcloudedge1,500.0,0.0
Switch: netcloudgw,500.0,0.0
Switch: netcloudedge1,500.0,0.0
Switch: netcloudcore,500.0,0.0
Switch: netcloudedge2,500.0,0.0
Switch: netcloudcore,500.0,0.0
Switch: inter2,500.0,0.0
Switch: inter1,500.0,0.0
Switch: inter1,500.0,0.003116
Switch: inter2,500.0,0.003116
Switch: internetedge,500.0,0.003116
Switch: internetcore,500.0,3.895E-5
Switch: internetgw,500.0,0.003116
Switch: edgeedge1,505.0,0.0
Switch: edgeedge1,505.0,0.0
Switch: edgecore,505.0,0.0
Switch: edgeedge1,505.0,0.0106
Switch: edgegw,505.0,0.0
Switch: edgeedge1,505.0,0.0
Switch: netcloudedge2,505.0,0.0
Switch: netcloudedge1,505.0,0.0
Switch: netcloudgw,505.0,0.0
Switch: netcloudedge1,505.0,0.0
Switch: netcloudcore,505.0,0.0
Switch: netcloudedge2,505.0,0.0
Switch: netcloudcore,505.0,0.0
Switch: inter2,505.0,0.0
Switch: inter1,505.0,0.0
Switch: inter1,505.0,0.0032
Switch: inter2,505.0,0.0032
Switch: internetedge,505.0,0.0032
Switch: internetcore,505.0,4.0E-5
Switch: internetgw,505.0,0.0032
Switch: edgeedge1,510.0,0.0
Switch: edgeedge1,510.0,0.0
Switch: edgecore,510.0,0.0
Switch: edgeedge1,510.0,0.016644
Switch: edgegw,510.0,0.0
Switch: edgeedge1,510.0,0.0
Switch: netcloudedge2,510.0,0.0
Switch: netcloudedge1,510.0,0.0
Switch: netcloudgw,510.0,0.0
Switch: netcloudedge1,510.0,0.0
Switch: netcloudcore,510.0,0.0
Switch: netcloudedge2,510.0,0.0
Switch: netcloudcore,510.0,0.0
Switch: inter2,510.0,0.0
Switch: inter1,510.0,0.0
Switch: inter1,510.0,0.003284
Switch: inter2,510.0,0.003284
Switch: internetedge,510.0,0.003284
Switch: internetcore,510.0,4.105E-5
Switch: internetgw,510.0,0.003284
Switch: edgeedge1,515.0,0.0
Switch: edgeedge1,515.0,0.0
Switch: edgecore,515.0,0.0
Switch: edgeedge1,515.0,0.012004
Switch: edgegw,515.0,0.0
Switch: edgeedge1,515.0,0.0
Switch: netcloudedge2,515.0,0.0
Switch: netcloudedge1,515.0,0.0
Switch: netcloudgw,515.0,0.0
Switch: netcloudedge1,515.0,0.0
Switch: netcloudcore,515.0,0.0
Switch: netcloudedge2,515.0,0.0
Switch: netcloudcore,515.0,0.0
Switch: inter2,515.0,0.0
Switch: inter1,515.0,0.0
Switch: inter1,515.0,0.003396
Switch: inter2,515.0,0.003396
Switch: internetedge,515.0,0.003396
Switch: internetcore,515.0,4.245E-5
Switch: internetgw,515.0,0.003396
Switch: edgeedge1,520.0,0.0
Switch: edgeedge1,520.0,0.0
Switch: edgecore,520.0,0.0
Switch: edgeedge1,520.0,0.0104
Switch: edgegw,520.0,0.0
Switch: edgeedge1,520.0,0.0
Switch: netcloudedge2,520.0,0.0
Switch: netcloudedge1,520.0,0.0
Switch: netcloudgw,520.0,0.0
Switch: netcloudedge1,520.0,0.0
Switch: netcloudcore,520.0,0.0
Switch: netcloudedge2,520.0,0.0
Switch: netcloudcore,520.0,0.0
Switch: inter2,520.0,0.0
Switch: inter1,520.0,0.0
Switch: inter1,520.0,0.0034
Switch: inter2,520.0,0.0034
Switch: internetedge,520.0,0.0034
Switch: internetcore,520.0,4.25E-5
Switch: internetgw,520.0,0.0034
Switch: edgeedge1,525.0,0.0
Switch: edgeedge1,525.0,0.0
Switch: edgecore,525.0,0.0
Switch: edgeedge1,525.0,0.013
Switch: edgegw,525.0,0.0
Switch: edgeedge1,525.0,0.0
Switch: netcloudedge2,525.0,0.0
Switch: netcloudedge1,525.0,0.0
Switch: netcloudgw,525.0,0.0
Switch: netcloudedge1,525.0,0.0
Switch: netcloudcore,525.0,0.0
Switch: netcloudedge2,525.0,0.0
Switch: netcloudcore,525.0,0.0
Switch: inter2,525.0,0.0
Switch: inter1,525.0,0.0
Switch: inter1,525.0,0.0032
Switch: inter2,525.0,0.0032
Switch: internetedge,525.0,0.0032
Switch: internetcore,525.0,4.0E-5
Switch: internetgw,525.0,0.0032
Switch: edgeedge1,530.0,0.0
Switch: edgeedge1,530.0,0.0
Switch: edgecore,530.0,0.0
Switch: edgeedge1,530.0,0.0124
Switch: edgegw,530.0,0.0
Switch: edgeedge1,530.0,0.0
Switch: netcloudedge2,530.0,0.0
Switch: netcloudedge1,530.0,0.0
Switch: netcloudgw,530.0,0.0
Switch: netcloudedge1,530.0,0.0
Switch: netcloudcore,530.0,0.0
Switch: netcloudedge2,530.0,0.0
Switch: netcloudcore,530.0,0.0
Switch: inter2,530.0,0.0
Switch: inter1,530.0,0.0
Switch: inter1,530.0,0.004
Switch: inter2,530.0,0.004
Switch: internetedge,530.0,0.004
Switch: internetcore,530.0,5.0E-5
Switch: internetgw,530.0,0.004
Switch: edgeedge1,535.0,0.0
Switch: edgeedge1,535.0,0.0
Switch: edgecore,535.0,0.0
Switch: edgeedge1,535.0,0.008714
Switch: edgegw,535.0,0.0
Switch: edgeedge1,535.0,0.0
Switch: netcloudedge2,535.0,0.0
Switch: netcloudedge1,535.0,0.0
Switch: netcloudgw,535.0,0.0
Switch: netcloudedge1,535.0,0.0
Switch: netcloudcore,535.0,0.0
Switch: netcloudedge2,535.0,0.0
Switch: netcloudcore,535.0,0.0
Switch: inter2,535.0,0.0
Switch: inter1,535.0,0.0
Switch: inter1,535.0,0.0028
Switch: inter2,535.0,0.0028
Switch: internetedge,535.0,0.0028
Switch: internetcore,535.0,3.5E-5
Switch: internetgw,535.0,0.0028
Switch: edgeedge1,540.0,0.0
Switch: edgeedge1,540.0,0.0
Switch: edgecore,540.0,0.0
Switch: edgeedge1,540.0,0.011232
Switch: edgegw,540.0,0.0
Switch: edgeedge1,540.0,0.0
Switch: netcloudedge2,540.0,0.0
Switch: netcloudedge1,540.0,0.0
Switch: netcloudgw,540.0,0.0
Switch: netcloudedge1,540.0,0.0
Switch: netcloudcore,540.0,0.0
Switch: netcloudedge2,540.0,0.0
Switch: netcloudcore,540.0,0.0
Switch: inter2,540.0,0.0
Switch: inter1,540.0,0.0
Switch: inter1,540.0,0.002466
Switch: inter2,540.0,0.002466
Switch: internetedge,540.0,0.002466
Switch: internetcore,540.0,3.0825E-5
Switch: internetgw,540.0,0.002466
Switch: edgeedge1,545.0,0.0
Switch: edgeedge1,545.0,0.0
Switch: edgecore,545.0,0.0
Switch: edgeedge1,545.0,0.0172
Switch: edgegw,545.0,0.0
Switch: edgeedge1,545.0,0.0
Switch: netcloudedge2,545.0,0.0
Switch: netcloudedge1,545.0,0.0
Switch: netcloudgw,545.0,0.0
Switch: netcloudedge1,545.0,0.0
Switch: netcloudcore,545.0,0.0
Switch: netcloudedge2,545.0,0.0
Switch: netcloudcore,545.0,0.0
Switch: inter2,545.0,0.0
Switch: inter1,545.0,0.0
Switch: inter1,545.0,0.0038
Switch: inter2,545.0,0.0038
Switch: internetedge,545.0,0.0038
Switch: internetcore,545.0,4.75E-5
Switch: internetgw,545.0,0.0038
Switch: edgeedge1,550.0,0.0
Switch: edgeedge1,550.0,0.0
Switch: edgecore,550.0,0.0
Switch: edgeedge1,550.0,0.011712
Switch: edgegw,550.0,0.0
Switch: edgeedge1,550.0,0.0
Switch: netcloudedge2,550.0,0.0
Switch: netcloudedge1,550.0,0.0
Switch: netcloudgw,550.0,0.0
Switch: netcloudedge1,550.0,0.0
Switch: netcloudcore,550.0,0.0
Switch: netcloudedge2,550.0,0.0
Switch: netcloudcore,550.0,0.0
Switch: inter2,550.0,0.0
Switch: inter1,550.0,0.0
Switch: inter1,550.0,0.003688
Switch: inter2,550.0,0.003688
Switch: internetedge,550.0,0.003688
Switch: internetcore,550.0,4.61E-5
Switch: internetgw,550.0,0.003688
Switch: edgeedge1,555.0,0.0
Switch: edgeedge1,555.0,0.0
Switch: edgecore,555.0,0.0
Switch: edgeedge1,555.0,0.0118
Switch: edgegw,555.0,0.0
Switch: edgeedge1,555.0,0.0
Switch: netcloudedge2,555.0,0.0
Switch: netcloudedge1,555.0,0.0
Switch: netcloudgw,555.0,0.0
Switch: netcloudedge1,555.0,0.0
Switch: netcloudcore,555.0,0.0
Switch: netcloudedge2,555.0,0.0
Switch: netcloudcore,555.0,0.0
Switch: inter2,555.0,0.0
Switch: inter1,555.0,0.0
Switch: inter1,555.0,0.0036
Switch: inter2,555.0,0.0036
Switch: internetedge,555.0,0.0036
Switch: internetcore,555.0,4.5E-5
Switch: internetgw,555.0,0.0036
Switch: edgeedge1,560.0,0.0
Switch: edgeedge1,560.0,0.0
Switch: edgecore,560.0,0.0
Switch: edgeedge1,560.0,0.012234
Switch: edgegw,560.0,0.0
Switch: edgeedge1,560.0,0.0
Switch: netcloudedge2,560.0,0.0
Switch: netcloudedge1,560.0,0.0
Switch: netcloudgw,560.0,0.0
Switch: netcloudedge1,560.0,0.0
Switch: netcloudcore,560.0,0.0
Switch: netcloudedge2,560.0,0.0
Switch: netcloudcore,560.0,0.0
Switch: inter2,560.0,0.0
Switch: inter1,560.0,0.0
Switch: inter1,560.0,0.003766
Switch: inter2,560.0,0.003766
Switch: internetedge,560.0,0.003766
Switch: internetcore,560.0,4.7075E-5
Switch: internetgw,560.0,0.003766
Switch: edgeedge1,565.0,0.0
Switch: edgeedge1,565.0,0.0
Switch: edgecore,565.0,0.0
Switch: edgeedge1,565.0,0.0144
Switch: edgegw,565.0,0.0
Switch: edgeedge1,565.0,0.0
Switch: netcloudedge2,565.0,0.0
Switch: netcloudedge1,565.0,0.0
Switch: netcloudgw,565.0,0.0
Switch: netcloudedge1,565.0,0.0
Switch: netcloudcore,565.0,0.0
Switch: netcloudedge2,565.0,0.0
Switch: netcloudcore,565.0,0.0
Switch: inter2,565.0,0.0
Switch: inter1,565.0,0.0
Switch: inter1,565.0,0.0038
Switch: inter2,565.0,0.0038
Switch: internetedge,565.0,0.0038
Switch: internetcore,565.0,4.75E-5
Switch: internetgw,565.0,0.0038
Switch: edgeedge1,570.0,0.0
Switch: edgeedge1,570.0,0.0
Switch: edgecore,570.0,0.0
Switch: edgeedge1,570.0,0.0116
Switch: edgegw,570.0,0.0
Switch: edgeedge1,570.0,0.0
Switch: netcloudedge2,570.0,0.0
Switch: netcloudedge1,570.0,0.0
Switch: netcloudgw,570.0,0.0
Switch: netcloudedge1,570.0,0.0
Switch: netcloudcore,570.0,0.0
Switch: netcloudedge2,570.0,0.0
Switch: netcloudcore,570.0,0.0
Switch: inter2,570.0,0.0
Switch: inter1,570.0,0.0
Switch: inter1,570.0,0.0028
Switch: inter2,570.0,0.0028
Switch: internetedge,570.0,0.0028
Switch: internetcore,570.0,3.5E-5
Switch: internetgw,570.0,0.0028
Switch: edgeedge1,575.0,0.0
Switch: edgeedge1,575.0,0.0
Switch: edgecore,575.0,0.0
Switch: edgeedge1,575.0,0.013046
Switch: edgegw,575.0,0.0
Switch: edgeedge1,575.0,0.0
Switch: netcloudedge2,575.0,0.0
Switch: netcloudedge1,575.0,0.0
Switch: netcloudgw,575.0,0.0
Switch: netcloudedge1,575.0,0.0
Switch: netcloudcore,575.0,0.0
Switch: netcloudedge2,575.0,0.0
Switch: netcloudcore,575.0,0.0
Switch: inter2,575.0,0.0
Switch: inter1,575.0,0.0
Switch: inter1,575.0,0.002906
Switch: inter2,575.0,0.002906
Switch: internetedge,575.0,0.002906
Switch: internetcore,575.0,3.6325E-5
Switch: internetgw,575.0,0.002906
Switch: edgeedge1,580.0,0.0
Switch: edgeedge1,580.0,0.0
Switch: edgecore,580.0,0.0
Switch: edgeedge1,580.0,0.0116
Switch: edgegw,580.0,0.0
Switch: edgeedge1,580.0,0.0
Switch: netcloudedge2,580.0,0.0
Switch: netcloudedge1,580.0,0.0
Switch: netcloudgw,580.0,0.0
Switch: netcloudedge1,580.0,0.0
Switch: netcloudcore,580.0,0.0
Switch: netcloudedge2,580.0,0.0
Switch: netcloudcore,580.0,0.0
Switch: inter2,580.0,0.0
Switch: inter1,580.0,0.0
Switch: inter1,580.0,0.0036
Switch: inter2,580.0,0.0036
Switch: internetedge,580.0,0.0036
Switch: internetcore,580.0,4.5E-5
Switch: internetgw,580.0,0.0036
Switch: edgeedge1,585.0,0.0
Switch: edgeedge1,585.0,0.0
Switch: edgecore,585.0,0.0
Switch: edgeedge1,585.0,0.0126
Switch: edgegw,585.0,0.0
Switch: edgeedge1,585.0,0.0
Switch: netcloudedge2,585.0,0.0
Switch: netcloudedge1,585.0,0.0
Switch: netcloudgw,585.0,0.0
Switch: netcloudedge1,585.0,0.0
Switch: netcloudcore,585.0,0.0
Switch: netcloudedge2,585.0,0.0
Switch: netcloudcore,585.0,0.0
Switch: inter2,585.0,0.0
Switch: inter1,585.0,0.0
Switch: inter1,585.0,0.00327
Switch: inter2,585.0,0.00327
Switch: internetedge,585.0,0.00327
Switch: internetcore,585.0,4.0875E-5
Switch: internetgw,585.0,0.00327
Switch: edgeedge1,590.0,0.0
Switch: edgeedge1,590.0,0.0
Switch: edgecore,590.0,0.0
Switch: edgeedge1,590.0,0.01284
Switch: edgegw,590.0,0.0
Switch: edgeedge1,590.0,0.0
Switch: netcloudedge2,590.0,0.0
Switch: netcloudedge1,590.0,0.0
Switch: netcloudgw,590.0,0.0
Switch: netcloudedge1,590.0,0.0
Switch: netcloudcore,590.0,0.0
Switch: netcloudedge2,590.0,0.0
Switch: netcloudcore,590.0,0.0
Switch: inter2,590.0,0.0
Switch: inter1,590.0,0.0
Switch: inter1,590.0,0.00316
Switch: inter2,590.0,0.00316
Switch: internetedge,590.0,0.00316
Switch: internetcore,590.0,3.95E-5
Switch: internetgw,590.0,0.00316
Switch: edgeedge1,595.0,0.0
Switch: edgeedge1,595.0,0.0
Switch: edgecore,595.0,0.0
Switch: edgeedge1,595.0,0.012412
Switch: edgegw,595.0,0.0
Switch: edgeedge1,595.0,0.0
Switch: netcloudedge2,595.0,0.0
Switch: netcloudedge1,595.0,0.0
Switch: netcloudgw,595.0,0.0
Switch: netcloudedge1,595.0,0.0
Switch: netcloudcore,595.0,0.0
Switch: netcloudedge2,595.0,0.0
Switch: netcloudcore,595.0,0.0
Switch: inter2,595.0,0.0
Switch: inter1,595.0,0.0
Switch: inter1,595.0,0.003588
Switch: inter2,595.0,0.003588
Switch: internetedge,595.0,0.003588
Switch: internetcore,595.0,4.485E-5
Switch: internetgw,595.0,0.003588
Switch: edgeedge1,600.0,0.0
Switch: edgeedge1,600.0,0.0
Switch: edgecore,600.0,0.0
Switch: edgeedge1,600.0,0.0114
Switch: edgegw,600.0,0.0
Switch: edgeedge1,600.0,0.0
Switch: netcloudedge2,600.0,0.0
Switch: netcloudedge1,600.0,0.0
Switch: netcloudgw,600.0,0.0
Switch: netcloudedge1,600.0,0.0
Switch: netcloudcore,600.0,0.0
Switch: netcloudedge2,600.0,0.0
Switch: netcloudcore,600.0,0.0
Switch: inter2,600.0,0.0
Switch: inter1,600.0,0.0
Switch: inter1,600.0,0.0034
Switch: inter2,600.0,0.0034
Switch: internetedge,600.0,0.0034
Switch: internetcore,600.0,4.25E-5
Switch: internetgw,600.0,0.0034
Switch: edgeedge1,605.0,0.0
Switch: edgeedge1,605.0,0.0
Switch: edgecore,605.0,0.0
Switch: edgeedge1,605.0,0.0026
Switch: edgegw,605.0,0.0
Switch: edgeedge1,605.0,0.0
Switch: netcloudedge2,605.0,0.0
Switch: netcloudedge1,605.0,0.0
Switch: netcloudgw,605.0,0.0
Switch: netcloudedge1,605.0,0.0
Switch: netcloudcore,605.0,0.0
Switch: netcloudedge2,605.0,0.0
Switch: netcloudcore,605.0,0.0
Switch: inter2,605.0,0.0
Switch: inter1,605.0,0.0
Switch: inter1,605.0,8.0E-4
Switch: inter2,605.0,8.0E-4
Switch: internetedge,605.0,8.0E-4
Switch: internetcore,605.0,1.0E-5
Switch: internetgw,605.0,8.0E-4
Switch: edgeedge1,610.0,0.0
Switch: edgeedge1,610.0,0.0
Switch: edgecore,610.0,0.0
Switch: edgeedge1,610.0,0.0
Switch: edgegw,610.0,0.0
Switch: edgeedge1,610.0,0.0
Switch: netcloudedge2,610.0,0.0
Switch: netcloudedge1,610.0,0.0
Switch: netcloudgw,610.0,0.0
Switch: netcloudedge1,610.0,0.0
Switch: netcloudcore,610.0,0.0
Switch: netcloudedge2,610.0,0.0
Switch: netcloudcore,610.0,0.0
Switch: inter2,610.0,0.0
Switch: inter1,610.0,0.0
Switch: inter1,610.0,0.0
Switch: inter2,610.0,0.0
Switch: internetedge,610.0,0.0
Switch: internetcore,610.0,0.0
Switch: internetgw,610.0,0.0
Switch: edgeedge1,615.0,0.0
Switch: edgeedge1,615.0,0.0
Switch: edgecore,615.0,0.0
Switch: edgeedge1,615.0,0.0
Switch: edgegw,615.0,0.0
Switch: edgeedge1,615.0,0.0
Switch: netcloudedge2,615.0,0.0
Switch: netcloudedge1,615.0,0.0
Switch: netcloudgw,615.0,0.0
Switch: netcloudedge1,615.0,0.0
Switch: netcloudcore,615.0,0.0
Switch: netcloudedge2,615.0,0.0
Switch: netcloudcore,615.0,0.0
Switch: inter2,615.0,0.0
Switch: inter1,615.0,0.0
Switch: inter1,615.0,0.0
Switch: inter2,615.0,0.0
Switch: internetedge,615.0,0.0
Switch: internetcore,615.0,0.0
Switch: internetgw,615.0,0.0
Switch: edgeedge1,620.0,0.0
Switch: edgeedge1,620.0,0.0
Switch: edgecore,620.0,0.0
Switch: edgeedge1,620.0,0.0
Switch: edgegw,620.0,0.0
Switch: edgeedge1,620.0,0.0
Switch: netcloudedge2,620.0,0.0
Switch: netcloudedge1,620.0,0.0
Switch: netcloudgw,620.0,0.0
Switch: netcloudedge1,620.0,0.0
Switch: netcloudcore,620.0,0.0
Switch: netcloudedge2,620.0,0.0
Switch: netcloudcore,620.0,0.0
Switch: inter2,620.0,0.0
Switch: inter1,620.0,0.0
Switch: inter1,620.0,0.0
Switch: inter2,620.0,0.0
Switch: internetedge,620.0,0.0
Switch: internetcore,620.0,0.0
Switch: internetgw,620.0,0.0
