edgeuser4,5.0,0.9738399822
edgeuser3,5.0,0.0
edgeuser2,5.0,0.35175999589999996
edgeuser1,5.0,0.30750999570000004
netcloudhost4,5.0,0.0
netcloudhost3,5.0,0.0
netcloudhost2,5.0,0.0
netcloudhost1,5.0,0.0
internethost,5.0,1.6256913421868943E-6
edgeuser4,10.0,0.9981599794
edgeuser3,10.0,0.0
edgeuser2,10.0,0.327409996
edgeuser1,10.0,0.17031999720000002
netcloudhost4,10.0,0.0
netcloudhost3,10.0,0.0
netcloudhost2,10.0,0.0
netcloudhost1,10.0,0.0
internethost,10.0,1.3373035862055224E-6
edgeuser4,15.0,1.0018399816
edgeuser3,15.0,0.0
edgeuser2,15.0,0.5428599941
edgeuser1,15.0,0.49770999455
netcloudhost4,15.0,0.0
netcloudhost3,15.0,0.0
netcloudhost2,15.0,0.0
netcloudhost1,15.0,0.0
internethost,15.0,4.682516076579574E-6
edgeuser4,20.0,0.8039999874
edgeuser3,20.0,0.0
edgeuser2,20.0,0.37239999705
edgeuser1,20.0,0.9534599933
netcloudhost4,20.0,0.0
netcloudhost3,20.0,0.0
netcloudhost2,20.0,0.0
netcloudhost1,20.0,0.0
internethost,20.0,1.588757687450576E-6
edgeuser4,25.0,0.8428999873999999
edgeuser3,25.0,0.0
edgeuser2,25.0,0.3298599974
edgeuser1,25.0,0.5500099967000001
netcloudhost4,25.0,0.0
netcloudhost3,25.0,0.0
netcloudhost2,25.0,0.0
netcloudhost1,25.0,0.0
internethost,25.0,1.0882303401598287E-6
edgeuser4,30.0,0.9225999888
edgeuser3,30.0,0.0
edgeuser2,30.0,0.2663299985
edgeuser1,30.0,0.12912999875
netcloudhost4,30.0,0.0
netcloudhost3,30.0,0.0
netcloudhost2,30.0,0.0
netcloudhost1,30.0,0.0
internethost,30.0,2.3692482560843224E-6
edgeuser4,35.0,0.7170999888
edgeuser3,35.0,0.0
edgeuser2,35.0,0.8699399935
edgeuser1,35.0,0.29108999739999997
netcloudhost4,35.0,0.0
netcloudhost3,35.0,0.0
netcloudhost2,35.0,0.0
netcloudhost1,35.0,0.0
internethost,35.0,1.4531714900108927E-6
edgeuser4,40.0,0.8062399848
edgeuser3,40.0,0.0
edgeuser2,40.0,0.9993199904
edgeuser1,40.0,0.32711999579999995
netcloudhost4,40.0,0.0
netcloudhost3,40.0,0.0
netcloudhost2,40.0,0.0
netcloudhost1,40.0,0.0
internethost,40.0,1.5269167081096884E-6
edgeuser4,45.0,0.8964999868
edgeuser3,45.0,0.0
edgeuser2,45.0,0.5160999956
edgeuser1,45.0,0.27517999699999995
netcloudhost4,45.0,0.0
netcloudhost3,45.0,0.0
netcloudhost2,45.0,0.0
netcloudhost1,45.0,0.0
internethost,45.0,1.2440232138224522E-6
edgeuser4,50.0,0.8876599882
edgeuser3,50.0,0.0
edgeuser2,50.0,0.4568699953
edgeuser1,50.0,0.1960399978
netcloudhost4,50.0,0.0
netcloudhost3,50.0,0.0
netcloudhost2,50.0,0.0
netcloudhost1,50.0,0.0
internethost,50.0,6.328169906442226E-7
edgeuser4,55.0,0.8100399878
edgeuser3,55.0,0.0
edgeuser2,55.0,0.45711999565
edgeuser1,55.0,0.14465999845000002
netcloudhost4,55.0,0.0
netcloudhost3,55.0,0.0
netcloudhost2,55.0,0.0
netcloudhost1,55.0,0.0
internethost,55.0,4.335583902974443E-6
edgeuser4,60.0,0.8521999874
edgeuser3,60.0,0.0
edgeuser2,60.0,0.36237999595000003
edgeuser1,60.0,0.45362999514999996
netcloudhost4,60.0,0.0
netcloudhost3,60.0,0.0
netcloudhost2,60.0,0.0
netcloudhost1,60.0,0.0
internethost,60.0,9.934237778341801E-7
edgeuser4,65.0,0.8872999854
edgeuser3,65.0,0.0
edgeuser2,65.0,0.23555999685
edgeuser1,65.0,0.40323999525
netcloudhost4,65.0,0.0
netcloudhost3,65.0,0.0
netcloudhost2,65.0,0.0
netcloudhost1,65.0,0.0
internethost,65.0,3.330561123821444E-6
edgeuser4,70.0,0.8414399894
edgeuser3,70.0,0.0
edgeuser2,70.0,0.2892299973
edgeuser1,70.0,0.25396999789999997
netcloudhost4,70.0,0.0
netcloudhost3,70.0,0.0
netcloudhost2,70.0,0.0
netcloudhost1,70.0,0.0
internethost,70.0,1.457017473746214E-6
edgeuser4,75.0,0.882099991
edgeuser3,75.0,0.0
edgeuser2,75.0,0.6045899959
edgeuser1,75.0,0.64471999585
netcloudhost4,75.0,0.0
netcloudhost3,75.0,0.0
netcloudhost2,75.0,0.0
netcloudhost1,75.0,0.0
internethost,75.0,2.1323844819623104E-6
edgeuser4,80.0,0.9446399867999999
edgeuser3,80.0,0.0
edgeuser2,80.0,0.8333699946500001
edgeuser1,80.0,0.52946999605
netcloudhost4,80.0,0.0
netcloudhost3,80.0,0.0
netcloudhost2,80.0,0.0
netcloudhost1,80.0,0.0
internethost,80.0,1.7340504197030813E-6
edgeuser4,85.0,0.8337199891999999
edgeuser3,85.0,0.0
edgeuser2,85.0,0.7426999952500001
edgeuser1,85.0,0.22814999845
netcloudhost4,85.0,0.0
netcloudhost3,85.0,0.0
netcloudhost2,85.0,0.0
netcloudhost1,85.0,0.0
internethost,85.0,1.742169718733786E-6
edgeuser4,90.0,0.913679988
edgeuser3,90.0,0.0
edgeuser2,90.0,0.41278999695
edgeuser1,90.0,0.7139299952999999
netcloudhost4,90.0,0.0
netcloudhost3,90.0,0.0
netcloudhost2,90.0,0.0
netcloudhost1,90.0,0.0
internethost,90.0,2.6461591079202168E-6
edgeuser4,95.0,0.8883599872
edgeuser3,95.0,0.0
edgeuser2,95.0,0.6206199958999999
edgeuser1,95.0,0.1818599984
netcloudhost4,95.0,0.0
netcloudhost3,95.0,0.0
netcloudhost2,95.0,0.0
netcloudhost1,95.0,0.0
internethost,95.0,2.622411684180098E-6
edgeuser4,100.0,0.8640599884
edgeuser3,100.0,0.0
edgeuser2,100.0,0.77247999395
edgeuser1,100.0,0.2179399981
netcloudhost4,100.0,0.0
netcloudhost3,100.0,0.0
netcloudhost2,100.0,0.0
netcloudhost1,100.0,0.0
internethost,100.0,8.964195133948665E-7
edgeuser4,105.0,0.8018199868
edgeuser3,105.0,0.0
edgeuser2,105.0,0.3906599965
edgeuser1,105.0,0.5258399965
netcloudhost4,105.0,0.0
netcloudhost3,105.0,0.0
netcloudhost2,105.0,0.0
netcloudhost1,105.0,0.0
internethost,105.0,2.3069188978176495E-6
edgeuser4,110.0,0.825679989
edgeuser3,110.0,0.0
edgeuser2,110.0,0.48404999634999996
edgeuser1,110.0,0.73150999465
netcloudhost4,110.0,0.0
netcloudhost3,110.0,0.0
netcloudhost2,110.0,0.0
netcloudhost1,110.0,0.0
internethost,110.0,8.49779327813805E-7
edgeuser4,115.0,0.896979985
edgeuser3,115.0,0.0
edgeuser2,115.0,0.45284999680000004
edgeuser1,115.0,0.6863399948
netcloudhost4,115.0,0.0
netcloudhost3,115.0,0.0
netcloudhost2,115.0,0.0
netcloudhost1,115.0,0.0
internethost,115.0,1.5186753140423006E-6
edgeuser4,120.0,0.8407599866
edgeuser3,120.0,0.0
edgeuser2,120.0,0.221459998
edgeuser1,120.0,0.3050699967
netcloudhost4,120.0,0.0
netcloudhost3,120.0,0.0
netcloudhost2,120.0,0.0
netcloudhost1,120.0,0.0
internethost,120.0,1.5938246212474915E-6
edgeuser4,125.0,0.7810599878
edgeuser3,125.0,0.0
edgeuser2,125.0,0.34376999739999997
edgeuser1,125.0,0.25675999785000003
netcloudhost4,125.0,0.0
netcloudhost3,125.0,0.0
netcloudhost2,125.0,0.0
netcloudhost1,125.0,0.0
internethost,125.0,5.916100200020473E-7
edgeuser4,130.0,0.6311599910000001
edgeuser3,130.0,0.0
edgeuser2,130.0,0.52459999635
edgeuser1,130.0,0.6631799953499999
netcloudhost4,130.0,0.0
netcloudhost3,130.0,0.0
netcloudhost2,130.0,0.0
netcloudhost1,130.0,0.0
internethost,130.0,5.7006029868083E-7
edgeuser4,135.0,0.84385999
edgeuser3,135.0,0.0
edgeuser2,135.0,0.999999994
edgeuser1,135.0,0.7949399949
netcloudhost4,135.0,0.0
netcloudhost3,135.0,0.0
netcloudhost2,135.0,0.0
netcloudhost1,135.0,0.0
internethost,135.0,1.0235811780275975E-6
edgeuser4,140.0,0.9879999848
edgeuser3,140.0,0.0
edgeuser2,140.0,0.9761099921999999
edgeuser1,140.0,0.3859199964
netcloudhost4,140.0,0.0
netcloudhost3,140.0,0.0
netcloudhost2,140.0,0.0
netcloudhost1,140.0,0.0
internethost,140.0,6.684686513108285E-7
edgeuser4,145.0,0.8191799864
edgeuser3,145.0,0.0
edgeuser2,145.0,0.7785999935
edgeuser1,145.0,0.7739899934000001
netcloudhost4,145.0,0.0
netcloudhost3,145.0,0.0
netcloudhost2,145.0,0.0
netcloudhost1,145.0,0.0
internethost,145.0,1.8889886305508171E-6
edgeuser4,150.0,0.8423999884000001
edgeuser3,150.0,0.0
edgeuser2,150.0,0.2928999976
edgeuser1,150.0,0.3272499972
netcloudhost4,150.0,0.0
netcloudhost3,150.0,0.0
netcloudhost2,150.0,0.0
netcloudhost1,150.0,0.0
internethost,150.0,1.6294152336326638E-6
edgeuser4,155.0,0.7822199884000001
edgeuser3,155.0,0.0
edgeuser2,155.0,0.2755799976
edgeuser1,155.0,0.3853199962
netcloudhost4,155.0,0.0
netcloudhost3,155.0,0.0
netcloudhost2,155.0,0.0
netcloudhost1,155.0,0.0
internethost,155.0,6.357472626727494E-7
edgeuser4,160.0,0.9267599858000001
edgeuser3,160.0,0.0
edgeuser2,160.0,0.31981999699999997
edgeuser1,160.0,0.31843999645
netcloudhost4,160.0,0.0
netcloudhost3,160.0,0.0
netcloudhost2,160.0,0.0
netcloudhost1,160.0,0.0
internethost,160.0,8.306104540610271E-7
edgeuser4,165.0,0.8756999862
edgeuser3,165.0,0.0
edgeuser2,165.0,0.48853999535
edgeuser1,165.0,0.3635699964
netcloudhost4,165.0,0.0
netcloudhost3,165.0,0.0
netcloudhost2,165.0,0.0
netcloudhost1,165.0,0.0
internethost,165.0,1.190362578741334E-6
edgeuser4,170.0,0.7821199906
edgeuser3,170.0,0.0
edgeuser2,170.0,0.96736999405
edgeuser1,170.0,0.29898999735000004
netcloudhost4,170.0,0.0
netcloudhost3,170.0,0.0
netcloudhost2,170.0,0.0
netcloudhost1,170.0,0.0
internethost,170.0,3.3133457663822803E-6
edgeuser4,175.0,0.8580199869999999
edgeuser3,175.0,0.0
edgeuser2,175.0,0.4035899955
edgeuser1,175.0,0.44281999585
netcloudhost4,175.0,0.0
netcloudhost3,175.0,0.0
netcloudhost2,175.0,0.0
netcloudhost1,175.0,0.0
internethost,175.0,6.250029266107127E-7
edgeuser4,180.0,0.9339599852
edgeuser3,180.0,0.0
edgeuser2,180.0,0.25765999705
edgeuser1,180.0,0.37387999595
netcloudhost4,180.0,0.0
netcloudhost3,180.0,0.0
netcloudhost2,180.0,0.0
netcloudhost1,180.0,0.0
internethost,180.0,6.281163410416458E-7
edgeuser4,185.0,0.8488999886
edgeuser3,185.0,0.0
edgeuser2,185.0,0.18618999735
edgeuser1,185.0,0.1301699982
netcloudhost4,185.0,0.0
netcloudhost3,185.0,0.0
netcloudhost2,185.0,0.0
netcloudhost1,185.0,0.0
internethost,185.0,1.106422451482484E-6
edgeuser4,190.0,0.7062599896
edgeuser3,190.0,0.0
edgeuser2,190.0,0.16338999785000002
edgeuser1,190.0,0.31418999765
netcloudhost4,190.0,0.0
netcloudhost3,190.0,0.0
netcloudhost2,190.0,0.0
netcloudhost1,190.0,0.0
internethost,190.0,1.1798624336683743E-6
edgeuser4,195.0,0.8315599886
edgeuser3,195.0,0.0
edgeuser2,195.0,0.38907999655
edgeuser1,195.0,0.999999993
netcloudhost4,195.0,0.0
netcloudhost3,195.0,0.0
netcloudhost2,195.0,0.0
netcloudhost1,195.0,0.0
internethost,195.0,1.8204934874303962E-6
edgeuser4,200.0,0.8225599908
edgeuser3,200.0,0.0
edgeuser2,200.0,0.72770999505
edgeuser1,200.0,0.9999999939
netcloudhost4,200.0,0.0
netcloudhost3,200.0,0.0
netcloudhost2,200.0,0.0
netcloudhost1,200.0,0.0
internethost,200.0,4.126801892360894E-7
edgeuser4,205.0,0.950259984
edgeuser3,205.0,0.0
edgeuser2,205.0,0.41641999534999996
edgeuser1,205.0,0.9981799911
netcloudhost4,205.0,0.0
netcloudhost3,205.0,0.0
netcloudhost2,205.0,0.0
netcloudhost1,205.0,0.0
internethost,205.0,3.237585985519858E-6
edgeuser4,210.0,0.859059983
edgeuser3,210.0,0.0
edgeuser2,210.0,0.3523099967
edgeuser1,210.0,0.84651999165
netcloudhost4,210.0,0.0
netcloudhost3,210.0,0.0
netcloudhost2,210.0,0.0
netcloudhost1,210.0,0.0
internethost,210.0,1.4731339779918875E-6
edgeuser4,215.0,0.8279199866
edgeuser3,215.0,0.0
edgeuser2,215.0,0.8460599921999999
edgeuser1,215.0,0.5717499940499999
netcloudhost4,215.0,0.0
netcloudhost3,215.0,0.0
netcloudhost2,215.0,0.0
netcloudhost1,215.0,0.0
internethost,215.0,1.891003195451102E-6
edgeuser4,220.0,0.7731799882
edgeuser3,220.0,0.0
edgeuser2,220.0,0.32623999634999995
edgeuser1,220.0,0.43361999625000003
netcloudhost4,220.0,0.0
netcloudhost3,220.0,0.0
netcloudhost2,220.0,0.0
netcloudhost1,220.0,0.0
internethost,220.0,3.4903831282003473E-6
edgeuser4,225.0,0.8593799884000001
edgeuser3,225.0,0.0
edgeuser2,225.0,0.24614999755
edgeuser1,225.0,0.73876999425
netcloudhost4,225.0,0.0
netcloudhost3,225.0,0.0
netcloudhost2,225.0,0.0
netcloudhost1,225.0,0.0
internethost,225.0,6.71093687731687E-7
edgeuser4,230.0,0.974419983
edgeuser3,230.0,0.0
edgeuser2,230.0,0.2708899964
edgeuser1,230.0,0.51677999485
netcloudhost4,230.0,0.0
netcloudhost3,230.0,0.0
netcloudhost2,230.0,0.0
netcloudhost1,230.0,0.0
internethost,230.0,1.0265724974218477E-6
edgeuser4,235.0,0.8274399892
edgeuser3,235.0,0.0
edgeuser2,235.0,0.39314999645
edgeuser1,235.0,0.44223999570000005
netcloudhost4,235.0,0.0
netcloudhost3,235.0,0.0
netcloudhost2,235.0,0.0
netcloudhost1,235.0,0.0
internethost,235.0,4.3282581961949027E-7
edgeuser4,240.0,0.834139986
edgeuser3,240.0,0.0
edgeuser2,240.0,0.9162499923499999
edgeuser1,240.0,0.3506399965
netcloudhost4,240.0,0.0
netcloudhost3,240.0,0.0
netcloudhost2,240.0,0.0
netcloudhost1,240.0,0.0
internethost,240.0,1.515989228729535E-6
edgeuser4,245.0,0.847139989
edgeuser3,245.0,0.0
edgeuser2,245.0,0.5637399957
edgeuser1,245.0,0.6945499947499999
netcloudhost4,245.0,0.0
netcloudhost3,245.0,0.0
netcloudhost2,245.0,0.0
netcloudhost1,245.0,0.0
internethost,245.0,6.556487042037313E-7
edgeuser4,250.0,0.8281999886
edgeuser3,250.0,0.0
edgeuser2,250.0,0.37508999634999995
edgeuser1,250.0,0.28631999674999997
netcloudhost4,250.0,0.0
netcloudhost3,250.0,0.0
netcloudhost2,250.0,0.0
netcloudhost1,250.0,0.0
internethost,250.0,2.279935959420888E-6
edgeuser4,255.0,0.7289799896
edgeuser3,255.0,0.0
edgeuser2,255.0,0.59769999425
edgeuser1,255.0,0.83552999445
netcloudhost4,255.0,0.0
netcloudhost3,255.0,0.0
netcloudhost2,255.0,0.0
netcloudhost1,255.0,0.0
internethost,255.0,6.033921603656669E-7
edgeuser4,260.0,0.8136999866
edgeuser3,260.0,0.0
edgeuser2,260.0,0.35851999695
edgeuser1,260.0,0.89274999245
netcloudhost4,260.0,0.0
netcloudhost3,260.0,0.0
netcloudhost2,260.0,0.0
netcloudhost1,260.0,0.0
internethost,260.0,7.728596470026427E-7
edgeuser4,265.0,0.9665799869999999
edgeuser3,265.0,0.0
edgeuser2,265.0,0.3967999964
edgeuser1,265.0,0.25839999674999997
netcloudhost4,265.0,0.0
netcloudhost3,265.0,0.0
netcloudhost2,265.0,0.0
netcloudhost1,265.0,0.0
internethost,265.0,8.481920947788191E-7
edgeuser4,270.0,0.8722599852
edgeuser3,270.0,0.0
edgeuser2,270.0,0.27449999675
edgeuser1,270.0,0.35356999505000003
netcloudhost4,270.0,0.0
netcloudhost3,270.0,0.0
netcloudhost2,270.0,0.0
netcloudhost1,270.0,0.0
internethost,270.0,3.0755052307458563E-6
edgeuser4,275.0,0.8470199838000001
edgeuser3,275.0,0.0
edgeuser2,275.0,0.18164999705
edgeuser1,275.0,0.59944999445
netcloudhost4,275.0,0.0
netcloudhost3,275.0,0.0
netcloudhost2,275.0,0.0
netcloudhost1,275.0,0.0
internethost,275.0,4.917243203279328E-6
edgeuser4,280.0,0.8232199858
edgeuser3,280.0,0.0
edgeuser2,280.0,0.38496999579999996
edgeuser1,280.0,0.2246999967
netcloudhost4,280.0,0.0
netcloudhost3,280.0,0.0
netcloudhost2,280.0,0.0
netcloudhost1,280.0,0.0
internethost,280.0,3.4028412033114632E-6
edgeuser4,285.0,0.6736399914000001
edgeuser3,285.0,0.0
edgeuser2,285.0,0.33558999665
edgeuser1,285.0,0.86105999445
netcloudhost4,285.0,0.0
netcloudhost3,285.0,0.0
netcloudhost2,285.0,0.0
netcloudhost1,285.0,0.0
internethost,285.0,8.552125436684016E-7
edgeuser4,290.0,0.8771999856
edgeuser3,290.0,0.0
edgeuser2,290.0,0.37728999550000003
edgeuser1,290.0,0.4494199955
netcloudhost4,290.0,0.0
netcloudhost3,290.0,0.0
netcloudhost2,290.0,0.0
netcloudhost1,290.0,0.0
internethost,290.0,1.1761385428330784E-6
edgeuser4,295.0,0.956139988
edgeuser3,295.0,0.0
edgeuser2,295.0,0.13573999775
edgeuser1,295.0,0.442259996
netcloudhost4,295.0,0.0
netcloudhost3,295.0,0.0
netcloudhost2,295.0,0.0
netcloudhost1,295.0,0.0
internethost,295.0,1.5443762544012709E-6
edgeuser4,300.0,0.815179984
edgeuser3,300.0,0.0
edgeuser2,300.0,0.67404999255
edgeuser1,300.0,0.25829999635
netcloudhost4,300.0,0.0
netcloudhost3,300.0,0.0
netcloudhost2,300.0,0.0
netcloudhost1,300.0,0.0
internethost,300.0,3.97204684070359E-6
edgeuser4,305.0,0.8197599891999999
edgeuser3,305.0,0.0
edgeuser2,305.0,0.8749099941
edgeuser1,305.0,0.7183199948
netcloudhost4,305.0,0.0
netcloudhost3,305.0,0.0
netcloudhost2,305.0,0.0
netcloudhost1,305.0,0.0
internethost,305.0,1.0269387828371338E-6
edgeuser4,310.0,0.8634199866
edgeuser3,310.0,0.0
edgeuser2,310.0,0.4859999955
edgeuser1,310.0,0.3009599968
netcloudhost4,310.0,0.0
netcloudhost3,310.0,0.0
netcloudhost2,310.0,0.0
netcloudhost1,310.0,0.0
internethost,310.0,2.0173101945218143E-6
edgeuser4,315.0,0.8524799891999999
edgeuser3,315.0,0.0
edgeuser2,315.0,0.3082099969
edgeuser1,315.0,0.52732999625
netcloudhost4,315.0,0.0
netcloudhost3,315.0,0.0
netcloudhost2,315.0,0.0
netcloudhost1,315.0,0.0
internethost,315.0,1.799065859009204E-6
edgeuser4,320.0,0.6834399898
edgeuser3,320.0,0.0
edgeuser2,320.0,0.11969999825000001
edgeuser1,320.0,0.94550999375
netcloudhost4,320.0,0.0
netcloudhost3,320.0,0.0
netcloudhost2,320.0,0.0
netcloudhost1,320.0,0.0
internethost,320.0,1.8742151701824741E-6
edgeuser4,325.0,0.8409399867999999
edgeuser3,325.0,0.0
edgeuser2,325.0,0.19728999755
edgeuser1,325.0,0.65729999395
netcloudhost4,325.0,0.0
netcloudhost3,325.0,0.0
netcloudhost2,325.0,0.0
netcloudhost1,325.0,0.0
internethost,325.0,1.8179294980700243E-6
edgeuser4,330.0,0.9057399840000001
edgeuser3,330.0,0.0
edgeuser2,330.0,0.2235999972
edgeuser1,330.0,0.377619995
netcloudhost4,330.0,0.0
netcloudhost3,330.0,0.0
netcloudhost2,330.0,0.0
netcloudhost1,330.0,0.0
internethost,330.0,2.4332869424226643E-6
edgeuser4,335.0,0.8805399876
edgeuser3,335.0,0.0
edgeuser2,335.0,0.24635999695
edgeuser1,335.0,0.46193999560000004
netcloudhost4,335.0,0.0
netcloudhost3,335.0,0.0
netcloudhost2,335.0,0.0
netcloudhost1,335.0,0.0
internethost,335.0,1.4933406575724324E-6
edgeuser4,340.0,0.811679986
edgeuser3,340.0,0.0
edgeuser2,340.0,0.3935099948
edgeuser1,340.0,0.32803999615
netcloudhost4,340.0,0.0
netcloudhost3,340.0,0.0
netcloudhost2,340.0,0.0
netcloudhost1,340.0,0.0
internethost,340.0,1.1481788502475884E-6
edgeuser4,345.0,0.8910399842
edgeuser3,345.0,0.0
edgeuser2,345.0,0.25776999645
edgeuser1,345.0,0.67727999345
netcloudhost4,345.0,0.0
netcloudhost3,345.0,0.0
netcloudhost2,345.0,0.0
netcloudhost1,345.0,0.0
internethost,345.0,2.262964791444617E-6
edgeuser4,350.0,0.9412599843999999
edgeuser3,350.0,0.0
edgeuser2,350.0,0.2512899975
edgeuser1,350.0,0.24107999724999998
netcloudhost4,350.0,0.0
netcloudhost3,350.0,0.0
netcloudhost2,350.0,0.0
netcloudhost1,350.0,0.0
internethost,350.0,9.374433446870039E-7
edgeuser4,355.0,0.813439986
edgeuser3,355.0,0.0
edgeuser2,355.0,0.22314999695
edgeuser1,355.0,0.5176899946
netcloudhost4,355.0,0.0
netcloudhost3,355.0,0.0
netcloudhost2,355.0,0.0
netcloudhost1,355.0,0.0
internethost,355.0,1.4240518959504791E-6
edgeuser4,360.0,0.8805199845999999
edgeuser3,360.0,0.0
edgeuser2,360.0,0.5330399948
edgeuser1,360.0,0.40981999565
netcloudhost4,360.0,0.0
netcloudhost3,360.0,0.0
netcloudhost2,360.0,0.0
netcloudhost1,360.0,0.0
internethost,360.0,1.9250676243036692E-6
edgeuser4,365.0,0.6776799914
edgeuser3,365.0,0.0
edgeuser2,365.0,0.7982299951499999
edgeuser1,365.0,0.3987899965
netcloudhost4,365.0,0.0
netcloudhost3,365.0,0.0
netcloudhost2,365.0,0.0
netcloudhost1,365.0,0.0
internethost,365.0,3.1073108878367473E-7
edgeuser4,370.0,0.8470799854
edgeuser3,370.0,0.0
edgeuser2,370.0,0.69077999285
edgeuser1,370.0,0.3094599964
netcloudhost4,370.0,0.0
netcloudhost3,370.0,0.0
netcloudhost2,370.0,0.0
netcloudhost1,370.0,0.0
internethost,370.0,1.9302566506953734E-6
edgeuser4,375.0,0.8765799852
edgeuser3,375.0,0.0
edgeuser2,375.0,0.6465899936
edgeuser1,375.0,0.3612899962
netcloudhost4,375.0,0.0
netcloudhost3,375.0,0.0
netcloudhost2,375.0,0.0
netcloudhost1,375.0,0.0
internethost,375.0,1.7570042273835626E-6
edgeuser4,380.0,0.8726599856
edgeuser3,380.0,0.0
edgeuser2,380.0,0.36032999625
edgeuser1,380.0,0.2584099972
netcloudhost4,380.0,0.0
netcloudhost3,380.0,0.0
netcloudhost2,380.0,0.0
netcloudhost1,380.0,0.0
internethost,380.0,4.267760278435081E-6
edgeuser4,385.0,0.886399986
edgeuser3,385.0,0.0
edgeuser2,385.0,0.6511899938000001
edgeuser1,385.0,0.45703999565
netcloudhost4,385.0,0.0
netcloudhost3,385.0,0.0
netcloudhost2,385.0,0.0
netcloudhost1,385.0,0.0
internethost,385.0,1.7628037252958404E-6
edgeuser4,390.0,0.8511599874
edgeuser3,390.0,0.0
edgeuser2,390.0,0.37842999665
edgeuser1,390.0,0.1727899974
netcloudhost4,390.0,0.0
netcloudhost3,390.0,0.0
netcloudhost2,390.0,0.0
netcloudhost1,390.0,0.0
internethost,390.0,4.007210122444411E-6
edgeuser4,395.0,0.7879999889999999
edgeuser3,395.0,0.0
edgeuser2,395.0,0.4992699956
edgeuser1,395.0,0.47249999680000004
netcloudhost4,395.0,0.0
netcloudhost3,395.0,0.0
netcloudhost2,395.0,0.0
netcloudhost1,395.0,0.0
internethost,395.0,9.045998619279519E-7
edgeuser4,400.0,0.8282799864
edgeuser3,400.0,0.0
edgeuser2,400.0,0.67645999375
edgeuser1,400.0,0.31402999680000004
netcloudhost4,400.0,0.0
netcloudhost3,400.0,0.0
netcloudhost2,400.0,0.0
netcloudhost1,400.0,0.0
internethost,400.0,8.265813279232996E-7
edgeuser4,405.0,0.9070199858
edgeuser3,405.0,0.0
edgeuser2,405.0,0.3507799957
edgeuser1,405.0,0.31861999615000003
netcloudhost4,405.0,0.0
netcloudhost3,405.0,0.0
netcloudhost2,405.0,0.0
netcloudhost1,405.0,0.0
internethost,405.0,8.459943902232595E-7
edgeuser4,410.0,0.9030799866
edgeuser3,410.0,0.0
edgeuser2,410.0,0.4478099954
edgeuser1,410.0,0.67640999455
netcloudhost4,410.0,0.0
netcloudhost3,410.0,0.0
netcloudhost2,410.0,0.0
netcloudhost1,410.0,0.0
internethost,410.0,8.7065752597541E-7
edgeuser4,415.0,0.8588799847999999
edgeuser3,415.0,0.0
edgeuser2,415.0,0.49058999550000004
edgeuser1,415.0,0.57085999445
netcloudhost4,415.0,0.0
netcloudhost3,415.0,0.0
netcloudhost2,415.0,0.0
netcloudhost1,415.0,0.0
internethost,415.0,5.3074579655921416E-6
edgeuser4,420.0,0.6956199888000001
edgeuser3,420.0,0.0
edgeuser2,420.0,0.96132999295
edgeuser1,420.0,0.28796999645
netcloudhost4,420.0,0.0
netcloudhost3,420.0,0.0
netcloudhost2,420.0,0.0
netcloudhost1,420.0,0.0
internethost,420.0,1.613054541450282E-6
edgeuser4,425.0,0.8906999844
edgeuser3,425.0,0.0
edgeuser2,425.0,0.43088999535
edgeuser1,425.0,0.27172999670000003
netcloudhost4,425.0,0.0
netcloudhost3,425.0,0.0
netcloudhost2,425.0,0.0
netcloudhost1,425.0,0.0
internethost,425.0,2.5273609326967933E-6
edgeuser4,430.0,0.8530999854
edgeuser3,430.0,0.0
edgeuser2,430.0,0.9537099926
edgeuser1,430.0,0.6539399943
netcloudhost4,430.0,0.0
netcloudhost3,430.0,0.0
netcloudhost2,430.0,0.0
netcloudhost1,430.0,0.0
internethost,430.0,2.8778338602290773E-6
edgeuser4,435.0,0.871239985
edgeuser3,435.0,0.0
edgeuser2,435.0,0.5244599945
edgeuser1,435.0,0.35627999555
netcloudhost4,435.0,0.0
netcloudhost3,435.0,0.0
netcloudhost2,435.0,0.0
netcloudhost1,435.0,0.0
internethost,435.0,2.5187532553507774E-6
edgeuser4,440.0,0.9352199823999999
edgeuser3,440.0,0.0
edgeuser2,440.0,0.49410999455
edgeuser1,440.0,0.36595999534999996
netcloudhost4,440.0,0.0
netcloudhost3,440.0,0.0
netcloudhost2,440.0,0.0
netcloudhost1,440.0,0.0
internethost,440.0,1.1057509316804767E-6
edgeuser4,445.0,0.8829399872
edgeuser3,445.0,0.0
edgeuser2,445.0,0.20245999755
edgeuser1,445.0,0.6830299941
netcloudhost4,445.0,0.0
netcloudhost3,445.0,0.0
netcloudhost2,445.0,0.0
netcloudhost1,445.0,0.0
internethost,445.0,2.5293144493156446E-6
edgeuser4,450.0,0.7803799849999999
edgeuser3,450.0,0.0
edgeuser2,450.0,0.43687999545
edgeuser1,450.0,0.51582999375
netcloudhost4,450.0,0.0
netcloudhost3,450.0,0.0
netcloudhost2,450.0,0.0
netcloudhost1,450.0,0.0
internethost,450.0,2.2056413177777155E-6
edgeuser4,455.0,0.8668799868
edgeuser3,455.0,0.0
edgeuser2,455.0,0.3617299963
edgeuser1,455.0,0.63412999485
netcloudhost4,455.0,0.0
netcloudhost3,455.0,0.0
netcloudhost2,455.0,0.0
netcloudhost1,455.0,0.0
internethost,455.0,1.223694440731408E-6
edgeuser4,460.0,0.7759999876
edgeuser3,460.0,0.0
edgeuser2,460.0,0.248259997
edgeuser1,460.0,0.28770999725
netcloudhost4,460.0,0.0
netcloudhost3,460.0,0.0
netcloudhost2,460.0,0.0
netcloudhost1,460.0,0.0
internethost,460.0,1.2419476036931018E-6
edgeuser4,465.0,0.7927799846
edgeuser3,465.0,0.0
edgeuser2,465.0,0.3282999957
edgeuser1,465.0,0.26248999595
netcloudhost4,465.0,0.0
netcloudhost3,465.0,0.0
netcloudhost2,465.0,0.0
netcloudhost1,465.0,0.0
internethost,465.0,5.467402040588781E-7
edgeuser4,470.0,0.9142199826
edgeuser3,470.0,0.0
edgeuser2,470.0,0.33922999495
edgeuser1,470.0,0.33932999524999996
netcloudhost4,470.0,0.0
netcloudhost3,470.0,0.0
netcloudhost2,470.0,0.0
netcloudhost1,470.0,0.0
internethost,470.0,1.4246623680815265E-6
edgeuser4,475.0,0.863759986
edgeuser3,475.0,0.0
edgeuser2,475.0,0.34831999575
edgeuser1,475.0,0.5777199950999999
netcloudhost4,475.0,0.0
netcloudhost3,475.0,0.0
netcloudhost2,475.0,0.0
netcloudhost1,475.0,0.0
internethost,475.0,1.008075147133919E-6
edgeuser4,480.0,0.8568799856
edgeuser3,480.0,0.0
edgeuser2,480.0,0.43822999544999997
edgeuser1,480.0,0.70941999385
netcloudhost4,480.0,0.0
netcloudhost3,480.0,0.0
netcloudhost2,480.0,0.0
netcloudhost1,480.0,0.0
internethost,480.0,1.7738533003231506E-6
edgeuser4,485.0,0.8080999862
edgeuser3,485.0,0.0
edgeuser2,485.0,0.7829399936
edgeuser1,485.0,0.7451399934999999
netcloudhost4,485.0,0.0
netcloudhost3,485.0,0.0
netcloudhost2,485.0,0.0
netcloudhost1,485.0,0.0
internethost,485.0,7.823219880792565E-7
edgeuser4,490.0,0.8543199856
edgeuser3,490.0,0.0
edgeuser2,490.0,0.14704999705
edgeuser1,490.0,0.25024999695
netcloudhost4,490.0,0.0
netcloudhost3,490.0,0.0
netcloudhost2,490.0,0.0
netcloudhost1,490.0,0.0
internethost,490.0,3.9772358371820847E-7
edgeuser4,495.0,0.9147799865999999
edgeuser3,495.0,0.0
edgeuser2,495.0,0.23708999745
edgeuser1,495.0,0.3834299956
netcloudhost4,495.0,0.0
netcloudhost3,495.0,0.0
netcloudhost2,495.0,0.0
netcloudhost1,495.0,0.0
internethost,495.0,1.1866386894322223E-6
edgeuser4,500.0,0.8683599860000001
edgeuser3,500.0,0.0
edgeuser2,500.0,0.51210999495
edgeuser1,500.0,0.19929999739999998
netcloudhost4,500.0,0.0
netcloudhost3,500.0,0.0
netcloudhost2,500.0,0.0
netcloudhost1,500.0,0.0
internethost,500.0,2.3301779417162727E-6
edgeuser4,505.0,0.852659989
edgeuser3,505.0,0.0
edgeuser2,505.0,0.74991999405
edgeuser1,505.0,0.4191099963
netcloudhost4,505.0,0.0
netcloudhost3,505.0,0.0
netcloudhost2,505.0,0.0
netcloudhost1,505.0,0.0
internethost,505.0,1.2634362764276489E-6
edgeuser4,510.0,0.8875999836
edgeuser3,510.0,0.0
edgeuser2,510.0,0.844409991
edgeuser1,510.0,0.2400499967
netcloudhost4,510.0,0.0
netcloudhost3,510.0,0.0
netcloudhost2,510.0,0.0
netcloudhost1,510.0,0.0
internethost,510.0,5.178770117121569E-6
edgeuser4,515.0,0.854659986
edgeuser3,515.0,0.0
edgeuser2,515.0,0.4312999962
edgeuser1,515.0,0.46072999540000004
netcloudhost4,515.0,0.0
netcloudhost3,515.0,0.0
netcloudhost2,515.0,0.0
netcloudhost1,515.0,0.0
internethost,515.0,8.013687664901145E-7
edgeuser4,520.0,0.8082799843999999
edgeuser3,520.0,0.0
edgeuser2,520.0,0.2607899965
edgeuser1,520.0,0.6602799932500001
netcloudhost4,520.0,0.0
netcloudhost3,520.0,0.0
netcloudhost2,520.0,0.0
netcloudhost1,520.0,0.0
internethost,520.0,4.0974991537614164E-7
edgeuser4,525.0,0.8179199812000001
edgeuser3,525.0,0.0
edgeuser2,525.0,0.5242299929
edgeuser1,525.0,0.4210599947
netcloudhost4,525.0,0.0
netcloudhost3,525.0,0.0
netcloudhost2,525.0,0.0
netcloudhost1,525.0,0.0
internethost,525.0,7.737753562675425E-7
edgeuser4,530.0,0.9283199796
edgeuser3,530.0,0.0
edgeuser2,530.0,0.45174999455
edgeuser1,530.0,0.7455299908999999
netcloudhost4,530.0,0.0
netcloudhost3,530.0,0.0
netcloudhost2,530.0,0.0
netcloudhost1,530.0,0.0
internethost,530.0,6.989923344776378E-7
edgeuser4,535.0,0.673719985
edgeuser3,535.0,0.0
edgeuser2,535.0,0.8346299918
edgeuser1,535.0,0.23255999705
netcloudhost4,535.0,0.0
netcloudhost3,535.0,0.0
netcloudhost2,535.0,0.0
netcloudhost1,535.0,0.0
internethost,535.0,6.711547347921732E-7
edgeuser4,540.0,0.5924399842
edgeuser3,540.0,0.0
edgeuser2,540.0,1.0001599898
edgeuser1,540.0,0.717119992
netcloudhost4,540.0,0.0
netcloudhost3,540.0,0.0
netcloudhost2,540.0,0.0
netcloudhost1,540.0,0.0
internethost,540.0,3.567424904963903E-6
edgeuser4,545.0,0.9534799734
edgeuser3,545.0,0.0
edgeuser2,545.0,0.3887099916
edgeuser1,545.0,0.3300799942
netcloudhost4,545.0,0.0
netcloudhost3,545.0,0.0
netcloudhost2,545.0,0.0
netcloudhost1,545.0,0.0
internethost,545.0,1.9695101056344083E-6
edgeuser4,550.0,0.8198199816
edgeuser3,550.0,0.0
edgeuser2,550.0,0.2110499969
edgeuser1,550.0,0.3996399948
netcloudhost4,550.0,0.0
netcloudhost3,550.0,0.0
netcloudhost2,550.0,0.0
netcloudhost1,550.0,0.0
internethost,550.0,1.013142076657519E-6
edgeuser4,555.0,0.7824799828
edgeuser3,555.0,0.0
edgeuser2,555.0,0.5641799928
edgeuser1,555.0,0.35044999565
netcloudhost4,555.0,0.0
netcloudhost3,555.0,0.0
netcloudhost2,555.0,0.0
netcloudhost1,555.0,0.0
internethost,555.0,8.125404350279235E-7
edgeuser4,560.0,0.8932799802
edgeuser3,560.0,0.0
edgeuser2,560.0,0.455609995
edgeuser1,560.0,0.3122799956
netcloudhost4,560.0,0.0
netcloudhost3,560.0,0.0
netcloudhost2,560.0,0.0
netcloudhost1,560.0,0.0
internethost,560.0,6.029037777770398E-7
edgeuser4,565.0,0.9673399774
edgeuser3,565.0,0.0
edgeuser2,565.0,0.34133999495
edgeuser1,565.0,0.3931999945
netcloudhost4,565.0,0.0
netcloudhost3,565.0,0.0
netcloudhost2,565.0,0.0
netcloudhost1,565.0,0.0
internethost,565.0,5.043733322470159E-7
edgeuser4,570.0,0.8131799826
edgeuser3,570.0,0.0
edgeuser2,570.0,0.2295399967
edgeuser1,570.0,0.6328899926999999
netcloudhost4,570.0,0.0
netcloudhost3,570.0,0.0
netcloudhost2,570.0,0.0
netcloudhost1,570.0,0.0
internethost,570.0,6.046741547406161E-7
edgeuser4,575.0,0.8264799814
edgeuser3,575.0,0.0
edgeuser2,575.0,0.29674999585
edgeuser1,575.0,0.3014299962
netcloudhost4,575.0,0.0
netcloudhost3,575.0,0.0
netcloudhost2,575.0,0.0
netcloudhost1,575.0,0.0
internethost,575.0,6.24270358222035E-7
edgeuser4,580.0,0.9053599804
edgeuser3,580.0,0.0
edgeuser2,580.0,0.311079995
edgeuser1,580.0,0.32051999634999995
netcloudhost4,580.0,0.0
netcloudhost3,580.0,0.0
netcloudhost2,580.0,0.0
netcloudhost1,580.0,0.0
internethost,580.0,5.643828927528671E-7
edgeuser4,585.0,0.8386599795999999
edgeuser3,585.0,0.0
edgeuser2,585.0,0.45526999385000005
edgeuser1,585.0,0.2039599969
netcloudhost4,585.0,0.0
netcloudhost3,585.0,0.0
netcloudhost2,585.0,0.0
netcloudhost1,585.0,0.0
internethost,585.0,2.0926426447398856E-6
edgeuser4,590.0,0.9475399782
edgeuser3,590.0,0.0
edgeuser2,590.0,0.32139999505000005
edgeuser1,590.0,0.30044999595
netcloudhost4,590.0,0.0
netcloudhost3,590.0,0.0
netcloudhost2,590.0,0.0
netcloudhost1,590.0,0.0
internethost,590.0,8.970299867468611E-7
edgeuser4,595.0,0.8874799794
edgeuser3,595.0,0.0
edgeuser2,595.0,0.33660999449999995
edgeuser1,595.0,0.77562998945
netcloudhost4,595.0,0.0
netcloudhost3,595.0,0.0
netcloudhost2,595.0,0.0
netcloudhost1,595.0,0.0
internethost,595.0,8.336628223471843E-7
edgeuser4,600.0,0.8455799826
edgeuser3,600.0,0.0
edgeuser2,600.0,0.3021999962
edgeuser1,600.0,0.7424599925
netcloudhost4,600.0,0.0
netcloudhost3,600.0,0.0
netcloudhost2,600.0,0.0
netcloudhost1,600.0,0.0
internethost,600.0,1.820493485904212E-6
edgeuser4,605.0,0.22453999619999998
edgeuser3,605.0,0.0
edgeuser2,605.0,0.037959999700000004
edgeuser1,605.0,0.02434999955
netcloudhost4,605.0,0.0
netcloudhost3,605.0,0.0
netcloudhost2,605.0,0.0
netcloudhost1,605.0,0.0
internethost,605.0,2.7135553941843055E-7
edgeuser4,610.0,0.0
edgeuser3,610.0,0.0
edgeuser2,610.0,0.0
edgeuser1,610.0,0.0
netcloudhost4,610.0,0.0
netcloudhost3,610.0,0.0
netcloudhost2,610.0,0.0
netcloudhost1,610.0,0.0
internethost,610.0,0.0
edgeuser4,615.0,0.0
edgeuser3,615.0,0.0
edgeuser2,615.0,0.0
edgeuser1,615.0,0.0
netcloudhost4,615.0,0.0
netcloudhost3,615.0,0.0
netcloudhost2,615.0,0.0
netcloudhost1,615.0,0.0
internethost,615.0,0.0
edgeuser4,620.0,0.0
edgeuser3,620.0,0.0
edgeuser2,620.0,0.0
edgeuser1,620.0,0.0
netcloudhost4,620.0,0.0
netcloudhost3,620.0,0.0
netcloudhost2,620.0,0.0
netcloudhost1,620.0,0.0
internethost,620.0,0.0
